[2025-11-17T03:52:47.578+0000] {processor.py:157} INFO - Started process (PID=19260) to work on /home/vscode/.local/lib/python3.10/site-packages/airflow/example_dags/example_subdag_operator.py
[2025-11-17T03:52:47.578+0000] {processor.py:826} INFO - Processing file /home/vscode/.local/lib/python3.10/site-packages/airflow/example_dags/example_subdag_operator.py for tasks to queue
[2025-11-17T03:52:47.579+0000] {logging_mixin.py:150} INFO - [2025-11-17T03:52:47.579+0000] {dagbag.py:541} INFO - Filling up the DagBag from /home/vscode/.local/lib/python3.10/site-packages/airflow/example_dags/example_subdag_operator.py
[2025-11-17T03:52:47.599+0000] {processor.py:836} INFO - DAG(s) dict_keys(['example_subdag_operator.section-1', 'example_subdag_operator.section-2', 'example_subdag_operator']) retrieved from /home/vscode/.local/lib/python3.10/site-packages/airflow/example_dags/example_subdag_operator.py
[2025-11-17T03:52:47.704+0000] {logging_mixin.py:150} INFO - [2025-11-17T03:52:47.703+0000] {manager.py:504} INFO - Created Permission View: can delete on DAG:example_subdag_operator
[2025-11-17T03:52:47.717+0000] {logging_mixin.py:150} INFO - [2025-11-17T03:52:47.717+0000] {manager.py:504} INFO - Created Permission View: can edit on DAG:example_subdag_operator
[2025-11-17T03:52:47.726+0000] {logging_mixin.py:150} INFO - [2025-11-17T03:52:47.726+0000] {manager.py:504} INFO - Created Permission View: can read on DAG:example_subdag_operator
[2025-11-17T03:52:47.736+0000] {logging_mixin.py:150} INFO - [2025-11-17T03:52:47.735+0000] {dag.py:2742} INFO - Sync 3 DAGs
[2025-11-17T03:52:47.745+0000] {logging_mixin.py:150} INFO - [2025-11-17T03:52:47.745+0000] {dag.py:2763} INFO - Creating ORM DAG for example_subdag_operator.section-1
[2025-11-17T03:52:47.745+0000] {logging_mixin.py:150} INFO - [2025-11-17T03:52:47.745+0000] {dag.py:2763} INFO - Creating ORM DAG for example_subdag_operator
[2025-11-17T03:52:47.746+0000] {logging_mixin.py:150} INFO - [2025-11-17T03:52:47.746+0000] {dag.py:2763} INFO - Creating ORM DAG for example_subdag_operator.section-2
[2025-11-17T03:52:47.754+0000] {logging_mixin.py:150} INFO - [2025-11-17T03:52:47.754+0000] {dag.py:3504} INFO - Setting next_dagrun for example_subdag_operator to 2022-01-01T00:00:00+00:00, run_after=2022-01-01T00:00:00+00:00
[2025-11-17T03:52:47.754+0000] {logging_mixin.py:150} INFO - [2025-11-17T03:52:47.754+0000] {dag.py:3504} INFO - Setting next_dagrun for example_subdag_operator.section-1 to None, run_after=None
[2025-11-17T03:52:47.755+0000] {logging_mixin.py:150} INFO - [2025-11-17T03:52:47.755+0000] {dag.py:3504} INFO - Setting next_dagrun for example_subdag_operator.section-2 to None, run_after=None
[2025-11-17T03:52:47.762+0000] {logging_mixin.py:150} INFO - [2025-11-17T03:52:47.762+0000] {dag.py:2742} INFO - Sync 2 DAGs
[2025-11-17T03:52:47.765+0000] {logging_mixin.py:150} INFO - [2025-11-17T03:52:47.765+0000] {dag.py:3504} INFO - Setting next_dagrun for example_subdag_operator.section-1 to None, run_after=None
[2025-11-17T03:52:47.766+0000] {logging_mixin.py:150} INFO - [2025-11-17T03:52:47.766+0000] {dag.py:3504} INFO - Setting next_dagrun for example_subdag_operator.section-2 to None, run_after=None
[2025-11-17T03:52:47.778+0000] {processor.py:179} INFO - Processing /home/vscode/.local/lib/python3.10/site-packages/airflow/example_dags/example_subdag_operator.py took 0.203 seconds
[2025-11-17T03:53:34.347+0000] {processor.py:157} INFO - Started process (PID=19575) to work on /home/vscode/.local/lib/python3.10/site-packages/airflow/example_dags/example_subdag_operator.py
[2025-11-17T03:53:34.347+0000] {processor.py:826} INFO - Processing file /home/vscode/.local/lib/python3.10/site-packages/airflow/example_dags/example_subdag_operator.py for tasks to queue
[2025-11-17T03:53:34.348+0000] {logging_mixin.py:150} INFO - [2025-11-17T03:53:34.347+0000] {dagbag.py:541} INFO - Filling up the DagBag from /home/vscode/.local/lib/python3.10/site-packages/airflow/example_dags/example_subdag_operator.py
[2025-11-17T03:53:34.366+0000] {processor.py:836} INFO - DAG(s) dict_keys(['example_subdag_operator.section-1', 'example_subdag_operator.section-2', 'example_subdag_operator']) retrieved from /home/vscode/.local/lib/python3.10/site-packages/airflow/example_dags/example_subdag_operator.py
[2025-11-17T03:53:34.381+0000] {logging_mixin.py:150} INFO - [2025-11-17T03:53:34.381+0000] {dag.py:2742} INFO - Sync 3 DAGs
[2025-11-17T03:53:34.400+0000] {logging_mixin.py:150} INFO - [2025-11-17T03:53:34.400+0000] {dag.py:3504} INFO - Setting next_dagrun for example_subdag_operator to 2022-01-01T00:00:00+00:00, run_after=2022-01-01T00:00:00+00:00
[2025-11-17T03:53:34.402+0000] {logging_mixin.py:150} INFO - [2025-11-17T03:53:34.402+0000] {dag.py:3504} INFO - Setting next_dagrun for example_subdag_operator.section-1 to None, run_after=None
[2025-11-17T03:53:34.403+0000] {logging_mixin.py:150} INFO - [2025-11-17T03:53:34.403+0000] {dag.py:3504} INFO - Setting next_dagrun for example_subdag_operator.section-2 to None, run_after=None
[2025-11-17T03:53:34.408+0000] {logging_mixin.py:150} INFO - [2025-11-17T03:53:34.408+0000] {dag.py:2742} INFO - Sync 2 DAGs
[2025-11-17T03:53:34.412+0000] {logging_mixin.py:150} INFO - [2025-11-17T03:53:34.412+0000] {dag.py:3504} INFO - Setting next_dagrun for example_subdag_operator.section-1 to None, run_after=None
[2025-11-17T03:53:34.412+0000] {logging_mixin.py:150} INFO - [2025-11-17T03:53:34.412+0000] {dag.py:3504} INFO - Setting next_dagrun for example_subdag_operator.section-2 to None, run_after=None
[2025-11-17T03:53:34.421+0000] {processor.py:179} INFO - Processing /home/vscode/.local/lib/python3.10/site-packages/airflow/example_dags/example_subdag_operator.py took 0.077 seconds
[2025-11-17T03:54:19.288+0000] {processor.py:157} INFO - Started process (PID=19869) to work on /home/vscode/.local/lib/python3.10/site-packages/airflow/example_dags/example_subdag_operator.py
[2025-11-17T03:54:19.288+0000] {processor.py:826} INFO - Processing file /home/vscode/.local/lib/python3.10/site-packages/airflow/example_dags/example_subdag_operator.py for tasks to queue
[2025-11-17T03:54:19.289+0000] {logging_mixin.py:150} INFO - [2025-11-17T03:54:19.289+0000] {dagbag.py:541} INFO - Filling up the DagBag from /home/vscode/.local/lib/python3.10/site-packages/airflow/example_dags/example_subdag_operator.py
[2025-11-17T03:54:19.302+0000] {processor.py:836} INFO - DAG(s) dict_keys(['example_subdag_operator.section-1', 'example_subdag_operator.section-2', 'example_subdag_operator']) retrieved from /home/vscode/.local/lib/python3.10/site-packages/airflow/example_dags/example_subdag_operator.py
[2025-11-17T03:54:19.312+0000] {logging_mixin.py:150} INFO - [2025-11-17T03:54:19.312+0000] {dag.py:2742} INFO - Sync 3 DAGs
[2025-11-17T03:54:19.325+0000] {logging_mixin.py:150} INFO - [2025-11-17T03:54:19.325+0000] {dag.py:3504} INFO - Setting next_dagrun for example_subdag_operator to 2022-01-01T00:00:00+00:00, run_after=2022-01-01T00:00:00+00:00
[2025-11-17T03:54:19.327+0000] {logging_mixin.py:150} INFO - [2025-11-17T03:54:19.326+0000] {dag.py:3504} INFO - Setting next_dagrun for example_subdag_operator.section-1 to None, run_after=None
[2025-11-17T03:54:19.327+0000] {logging_mixin.py:150} INFO - [2025-11-17T03:54:19.327+0000] {dag.py:3504} INFO - Setting next_dagrun for example_subdag_operator.section-2 to None, run_after=None
[2025-11-17T03:54:19.331+0000] {logging_mixin.py:150} INFO - [2025-11-17T03:54:19.331+0000] {dag.py:2742} INFO - Sync 2 DAGs
[2025-11-17T03:54:19.333+0000] {logging_mixin.py:150} INFO - [2025-11-17T03:54:19.333+0000] {dag.py:3504} INFO - Setting next_dagrun for example_subdag_operator.section-1 to None, run_after=None
[2025-11-17T03:54:19.334+0000] {logging_mixin.py:150} INFO - [2025-11-17T03:54:19.333+0000] {dag.py:3504} INFO - Setting next_dagrun for example_subdag_operator.section-2 to None, run_after=None
[2025-11-17T03:54:19.343+0000] {processor.py:179} INFO - Processing /home/vscode/.local/lib/python3.10/site-packages/airflow/example_dags/example_subdag_operator.py took 0.057 seconds
[2025-11-17T03:55:04.452+0000] {processor.py:157} INFO - Started process (PID=20212) to work on /home/vscode/.local/lib/python3.10/site-packages/airflow/example_dags/example_subdag_operator.py
[2025-11-17T03:55:04.453+0000] {processor.py:826} INFO - Processing file /home/vscode/.local/lib/python3.10/site-packages/airflow/example_dags/example_subdag_operator.py for tasks to queue
[2025-11-17T03:55:04.453+0000] {logging_mixin.py:150} INFO - [2025-11-17T03:55:04.453+0000] {dagbag.py:541} INFO - Filling up the DagBag from /home/vscode/.local/lib/python3.10/site-packages/airflow/example_dags/example_subdag_operator.py
[2025-11-17T03:55:04.466+0000] {processor.py:836} INFO - DAG(s) dict_keys(['example_subdag_operator.section-1', 'example_subdag_operator.section-2', 'example_subdag_operator']) retrieved from /home/vscode/.local/lib/python3.10/site-packages/airflow/example_dags/example_subdag_operator.py
[2025-11-17T03:55:04.476+0000] {logging_mixin.py:150} INFO - [2025-11-17T03:55:04.476+0000] {dag.py:2742} INFO - Sync 3 DAGs
[2025-11-17T03:55:04.489+0000] {logging_mixin.py:150} INFO - [2025-11-17T03:55:04.489+0000] {dag.py:3504} INFO - Setting next_dagrun for example_subdag_operator to 2022-01-01T00:00:00+00:00, run_after=2022-01-01T00:00:00+00:00
[2025-11-17T03:55:04.490+0000] {logging_mixin.py:150} INFO - [2025-11-17T03:55:04.490+0000] {dag.py:3504} INFO - Setting next_dagrun for example_subdag_operator.section-1 to None, run_after=None
[2025-11-17T03:55:04.491+0000] {logging_mixin.py:150} INFO - [2025-11-17T03:55:04.491+0000] {dag.py:3504} INFO - Setting next_dagrun for example_subdag_operator.section-2 to None, run_after=None
[2025-11-17T03:55:04.495+0000] {logging_mixin.py:150} INFO - [2025-11-17T03:55:04.495+0000] {dag.py:2742} INFO - Sync 2 DAGs
[2025-11-17T03:55:04.497+0000] {logging_mixin.py:150} INFO - [2025-11-17T03:55:04.497+0000] {dag.py:3504} INFO - Setting next_dagrun for example_subdag_operator.section-1 to None, run_after=None
[2025-11-17T03:55:04.498+0000] {logging_mixin.py:150} INFO - [2025-11-17T03:55:04.497+0000] {dag.py:3504} INFO - Setting next_dagrun for example_subdag_operator.section-2 to None, run_after=None
[2025-11-17T03:55:04.507+0000] {processor.py:179} INFO - Processing /home/vscode/.local/lib/python3.10/site-packages/airflow/example_dags/example_subdag_operator.py took 0.056 seconds
[2025-11-17T03:55:49.070+0000] {processor.py:157} INFO - Started process (PID=20724) to work on /home/vscode/.local/lib/python3.10/site-packages/airflow/example_dags/example_subdag_operator.py
[2025-11-17T03:55:49.070+0000] {processor.py:826} INFO - Processing file /home/vscode/.local/lib/python3.10/site-packages/airflow/example_dags/example_subdag_operator.py for tasks to queue
[2025-11-17T03:55:49.071+0000] {logging_mixin.py:150} INFO - [2025-11-17T03:55:49.071+0000] {dagbag.py:541} INFO - Filling up the DagBag from /home/vscode/.local/lib/python3.10/site-packages/airflow/example_dags/example_subdag_operator.py
[2025-11-17T03:55:49.084+0000] {processor.py:836} INFO - DAG(s) dict_keys(['example_subdag_operator.section-1', 'example_subdag_operator.section-2', 'example_subdag_operator']) retrieved from /home/vscode/.local/lib/python3.10/site-packages/airflow/example_dags/example_subdag_operator.py
[2025-11-17T03:55:49.095+0000] {logging_mixin.py:150} INFO - [2025-11-17T03:55:49.095+0000] {dag.py:2742} INFO - Sync 3 DAGs
[2025-11-17T03:55:49.108+0000] {logging_mixin.py:150} INFO - [2025-11-17T03:55:49.108+0000] {dag.py:3504} INFO - Setting next_dagrun for example_subdag_operator to 2022-01-01T00:00:00+00:00, run_after=2022-01-01T00:00:00+00:00
[2025-11-17T03:55:49.110+0000] {logging_mixin.py:150} INFO - [2025-11-17T03:55:49.110+0000] {dag.py:3504} INFO - Setting next_dagrun for example_subdag_operator.section-1 to None, run_after=None
[2025-11-17T03:55:49.111+0000] {logging_mixin.py:150} INFO - [2025-11-17T03:55:49.111+0000] {dag.py:3504} INFO - Setting next_dagrun for example_subdag_operator.section-2 to None, run_after=None
[2025-11-17T03:55:49.114+0000] {logging_mixin.py:150} INFO - [2025-11-17T03:55:49.114+0000] {dag.py:2742} INFO - Sync 2 DAGs
[2025-11-17T03:55:49.117+0000] {logging_mixin.py:150} INFO - [2025-11-17T03:55:49.117+0000] {dag.py:3504} INFO - Setting next_dagrun for example_subdag_operator.section-1 to None, run_after=None
[2025-11-17T03:55:49.117+0000] {logging_mixin.py:150} INFO - [2025-11-17T03:55:49.117+0000] {dag.py:3504} INFO - Setting next_dagrun for example_subdag_operator.section-2 to None, run_after=None
[2025-11-17T03:55:49.127+0000] {processor.py:179} INFO - Processing /home/vscode/.local/lib/python3.10/site-packages/airflow/example_dags/example_subdag_operator.py took 0.059 seconds
[2025-11-17T03:56:31.060+0000] {processor.py:157} INFO - Started process (PID=21080) to work on /home/vscode/.local/lib/python3.10/site-packages/airflow/example_dags/example_subdag_operator.py
[2025-11-17T03:56:31.061+0000] {processor.py:826} INFO - Processing file /home/vscode/.local/lib/python3.10/site-packages/airflow/example_dags/example_subdag_operator.py for tasks to queue
[2025-11-17T03:56:31.062+0000] {logging_mixin.py:150} INFO - [2025-11-17T03:56:31.061+0000] {dagbag.py:541} INFO - Filling up the DagBag from /home/vscode/.local/lib/python3.10/site-packages/airflow/example_dags/example_subdag_operator.py
[2025-11-17T03:56:31.075+0000] {processor.py:836} INFO - DAG(s) dict_keys(['example_subdag_operator.section-1', 'example_subdag_operator.section-2', 'example_subdag_operator']) retrieved from /home/vscode/.local/lib/python3.10/site-packages/airflow/example_dags/example_subdag_operator.py
[2025-11-17T03:56:31.085+0000] {logging_mixin.py:150} INFO - [2025-11-17T03:56:31.085+0000] {dag.py:2742} INFO - Sync 3 DAGs
[2025-11-17T03:56:31.098+0000] {logging_mixin.py:150} INFO - [2025-11-17T03:56:31.098+0000] {dag.py:3504} INFO - Setting next_dagrun for example_subdag_operator to 2022-01-01T00:00:00+00:00, run_after=2022-01-01T00:00:00+00:00
[2025-11-17T03:56:31.100+0000] {logging_mixin.py:150} INFO - [2025-11-17T03:56:31.100+0000] {dag.py:3504} INFO - Setting next_dagrun for example_subdag_operator.section-1 to None, run_after=None
[2025-11-17T03:56:31.101+0000] {logging_mixin.py:150} INFO - [2025-11-17T03:56:31.101+0000] {dag.py:3504} INFO - Setting next_dagrun for example_subdag_operator.section-2 to None, run_after=None
[2025-11-17T03:56:31.105+0000] {logging_mixin.py:150} INFO - [2025-11-17T03:56:31.104+0000] {dag.py:2742} INFO - Sync 2 DAGs
[2025-11-17T03:56:31.107+0000] {logging_mixin.py:150} INFO - [2025-11-17T03:56:31.107+0000] {dag.py:3504} INFO - Setting next_dagrun for example_subdag_operator.section-1 to None, run_after=None
[2025-11-17T03:56:31.107+0000] {logging_mixin.py:150} INFO - [2025-11-17T03:56:31.107+0000] {dag.py:3504} INFO - Setting next_dagrun for example_subdag_operator.section-2 to None, run_after=None
[2025-11-17T03:56:31.116+0000] {processor.py:179} INFO - Processing /home/vscode/.local/lib/python3.10/site-packages/airflow/example_dags/example_subdag_operator.py took 0.058 seconds
[2025-11-17T03:57:13.076+0000] {processor.py:157} INFO - Started process (PID=21374) to work on /home/vscode/.local/lib/python3.10/site-packages/airflow/example_dags/example_subdag_operator.py
[2025-11-17T03:57:13.077+0000] {processor.py:826} INFO - Processing file /home/vscode/.local/lib/python3.10/site-packages/airflow/example_dags/example_subdag_operator.py for tasks to queue
[2025-11-17T03:57:13.077+0000] {logging_mixin.py:150} INFO - [2025-11-17T03:57:13.077+0000] {dagbag.py:541} INFO - Filling up the DagBag from /home/vscode/.local/lib/python3.10/site-packages/airflow/example_dags/example_subdag_operator.py
[2025-11-17T03:57:13.097+0000] {processor.py:836} INFO - DAG(s) dict_keys(['example_subdag_operator.section-1', 'example_subdag_operator.section-2', 'example_subdag_operator']) retrieved from /home/vscode/.local/lib/python3.10/site-packages/airflow/example_dags/example_subdag_operator.py
[2025-11-17T03:57:13.114+0000] {logging_mixin.py:150} INFO - [2025-11-17T03:57:13.114+0000] {dag.py:2742} INFO - Sync 3 DAGs
[2025-11-17T03:57:13.127+0000] {logging_mixin.py:150} INFO - [2025-11-17T03:57:13.127+0000] {dag.py:3504} INFO - Setting next_dagrun for example_subdag_operator to 2022-01-01T00:00:00+00:00, run_after=2022-01-01T00:00:00+00:00
[2025-11-17T03:57:13.129+0000] {logging_mixin.py:150} INFO - [2025-11-17T03:57:13.128+0000] {dag.py:3504} INFO - Setting next_dagrun for example_subdag_operator.section-1 to None, run_after=None
[2025-11-17T03:57:13.129+0000] {logging_mixin.py:150} INFO - [2025-11-17T03:57:13.129+0000] {dag.py:3504} INFO - Setting next_dagrun for example_subdag_operator.section-2 to None, run_after=None
[2025-11-17T03:57:13.133+0000] {logging_mixin.py:150} INFO - [2025-11-17T03:57:13.133+0000] {dag.py:2742} INFO - Sync 2 DAGs
[2025-11-17T03:57:13.136+0000] {logging_mixin.py:150} INFO - [2025-11-17T03:57:13.136+0000] {dag.py:3504} INFO - Setting next_dagrun for example_subdag_operator.section-1 to None, run_after=None
[2025-11-17T03:57:13.136+0000] {logging_mixin.py:150} INFO - [2025-11-17T03:57:13.136+0000] {dag.py:3504} INFO - Setting next_dagrun for example_subdag_operator.section-2 to None, run_after=None
[2025-11-17T03:57:13.145+0000] {processor.py:179} INFO - Processing /home/vscode/.local/lib/python3.10/site-packages/airflow/example_dags/example_subdag_operator.py took 0.072 seconds
[2025-11-17T03:57:51.829+0000] {processor.py:157} INFO - Started process (PID=21632) to work on /home/vscode/.local/lib/python3.10/site-packages/airflow/example_dags/example_subdag_operator.py
[2025-11-17T03:57:51.829+0000] {processor.py:826} INFO - Processing file /home/vscode/.local/lib/python3.10/site-packages/airflow/example_dags/example_subdag_operator.py for tasks to queue
[2025-11-17T03:57:51.830+0000] {logging_mixin.py:150} INFO - [2025-11-17T03:57:51.830+0000] {dagbag.py:541} INFO - Filling up the DagBag from /home/vscode/.local/lib/python3.10/site-packages/airflow/example_dags/example_subdag_operator.py
[2025-11-17T03:57:51.843+0000] {processor.py:836} INFO - DAG(s) dict_keys(['example_subdag_operator.section-1', 'example_subdag_operator.section-2', 'example_subdag_operator']) retrieved from /home/vscode/.local/lib/python3.10/site-packages/airflow/example_dags/example_subdag_operator.py
[2025-11-17T03:57:51.853+0000] {logging_mixin.py:150} INFO - [2025-11-17T03:57:51.853+0000] {dag.py:2742} INFO - Sync 3 DAGs
[2025-11-17T03:57:51.865+0000] {logging_mixin.py:150} INFO - [2025-11-17T03:57:51.865+0000] {dag.py:3504} INFO - Setting next_dagrun for example_subdag_operator to 2022-01-01T00:00:00+00:00, run_after=2022-01-01T00:00:00+00:00
[2025-11-17T03:57:51.867+0000] {logging_mixin.py:150} INFO - [2025-11-17T03:57:51.867+0000] {dag.py:3504} INFO - Setting next_dagrun for example_subdag_operator.section-1 to None, run_after=None
[2025-11-17T03:57:51.868+0000] {logging_mixin.py:150} INFO - [2025-11-17T03:57:51.868+0000] {dag.py:3504} INFO - Setting next_dagrun for example_subdag_operator.section-2 to None, run_after=None
[2025-11-17T03:57:51.871+0000] {logging_mixin.py:150} INFO - [2025-11-17T03:57:51.871+0000] {dag.py:2742} INFO - Sync 2 DAGs
[2025-11-17T03:57:51.874+0000] {logging_mixin.py:150} INFO - [2025-11-17T03:57:51.874+0000] {dag.py:3504} INFO - Setting next_dagrun for example_subdag_operator.section-1 to None, run_after=None
[2025-11-17T03:57:51.874+0000] {logging_mixin.py:150} INFO - [2025-11-17T03:57:51.874+0000] {dag.py:3504} INFO - Setting next_dagrun for example_subdag_operator.section-2 to None, run_after=None
[2025-11-17T03:57:51.885+0000] {processor.py:179} INFO - Processing /home/vscode/.local/lib/python3.10/site-packages/airflow/example_dags/example_subdag_operator.py took 0.058 seconds
[2025-11-17T03:58:35.939+0000] {processor.py:157} INFO - Started process (PID=21932) to work on /home/vscode/.local/lib/python3.10/site-packages/airflow/example_dags/example_subdag_operator.py
[2025-11-17T03:58:35.939+0000] {processor.py:826} INFO - Processing file /home/vscode/.local/lib/python3.10/site-packages/airflow/example_dags/example_subdag_operator.py for tasks to queue
[2025-11-17T03:58:35.940+0000] {logging_mixin.py:150} INFO - [2025-11-17T03:58:35.940+0000] {dagbag.py:541} INFO - Filling up the DagBag from /home/vscode/.local/lib/python3.10/site-packages/airflow/example_dags/example_subdag_operator.py
[2025-11-17T03:58:35.953+0000] {processor.py:836} INFO - DAG(s) dict_keys(['example_subdag_operator.section-1', 'example_subdag_operator.section-2', 'example_subdag_operator']) retrieved from /home/vscode/.local/lib/python3.10/site-packages/airflow/example_dags/example_subdag_operator.py
[2025-11-17T03:58:35.963+0000] {logging_mixin.py:150} INFO - [2025-11-17T03:58:35.963+0000] {dag.py:2742} INFO - Sync 3 DAGs
[2025-11-17T03:58:35.975+0000] {logging_mixin.py:150} INFO - [2025-11-17T03:58:35.975+0000] {dag.py:3504} INFO - Setting next_dagrun for example_subdag_operator to 2022-01-01T00:00:00+00:00, run_after=2022-01-01T00:00:00+00:00
[2025-11-17T03:58:35.977+0000] {logging_mixin.py:150} INFO - [2025-11-17T03:58:35.977+0000] {dag.py:3504} INFO - Setting next_dagrun for example_subdag_operator.section-1 to None, run_after=None
[2025-11-17T03:58:35.977+0000] {logging_mixin.py:150} INFO - [2025-11-17T03:58:35.977+0000] {dag.py:3504} INFO - Setting next_dagrun for example_subdag_operator.section-2 to None, run_after=None
[2025-11-17T03:58:35.981+0000] {logging_mixin.py:150} INFO - [2025-11-17T03:58:35.981+0000] {dag.py:2742} INFO - Sync 2 DAGs
[2025-11-17T03:58:35.984+0000] {logging_mixin.py:150} INFO - [2025-11-17T03:58:35.984+0000] {dag.py:3504} INFO - Setting next_dagrun for example_subdag_operator.section-1 to None, run_after=None
[2025-11-17T03:58:35.984+0000] {logging_mixin.py:150} INFO - [2025-11-17T03:58:35.984+0000] {dag.py:3504} INFO - Setting next_dagrun for example_subdag_operator.section-2 to None, run_after=None
[2025-11-17T03:58:35.993+0000] {processor.py:179} INFO - Processing /home/vscode/.local/lib/python3.10/site-packages/airflow/example_dags/example_subdag_operator.py took 0.056 seconds
[2025-11-17T03:59:16.729+0000] {processor.py:157} INFO - Started process (PID=22201) to work on /home/vscode/.local/lib/python3.10/site-packages/airflow/example_dags/example_subdag_operator.py
[2025-11-17T03:59:16.730+0000] {processor.py:826} INFO - Processing file /home/vscode/.local/lib/python3.10/site-packages/airflow/example_dags/example_subdag_operator.py for tasks to queue
[2025-11-17T03:59:16.730+0000] {logging_mixin.py:150} INFO - [2025-11-17T03:59:16.730+0000] {dagbag.py:541} INFO - Filling up the DagBag from /home/vscode/.local/lib/python3.10/site-packages/airflow/example_dags/example_subdag_operator.py
[2025-11-17T03:59:16.743+0000] {processor.py:836} INFO - DAG(s) dict_keys(['example_subdag_operator.section-1', 'example_subdag_operator.section-2', 'example_subdag_operator']) retrieved from /home/vscode/.local/lib/python3.10/site-packages/airflow/example_dags/example_subdag_operator.py
[2025-11-17T03:59:16.753+0000] {logging_mixin.py:150} INFO - [2025-11-17T03:59:16.753+0000] {dag.py:2742} INFO - Sync 3 DAGs
[2025-11-17T03:59:16.766+0000] {logging_mixin.py:150} INFO - [2025-11-17T03:59:16.766+0000] {dag.py:3504} INFO - Setting next_dagrun for example_subdag_operator to 2022-01-01T00:00:00+00:00, run_after=2022-01-01T00:00:00+00:00
[2025-11-17T03:59:16.768+0000] {logging_mixin.py:150} INFO - [2025-11-17T03:59:16.768+0000] {dag.py:3504} INFO - Setting next_dagrun for example_subdag_operator.section-1 to None, run_after=None
[2025-11-17T03:59:16.768+0000] {logging_mixin.py:150} INFO - [2025-11-17T03:59:16.768+0000] {dag.py:3504} INFO - Setting next_dagrun for example_subdag_operator.section-2 to None, run_after=None
[2025-11-17T03:59:16.772+0000] {logging_mixin.py:150} INFO - [2025-11-17T03:59:16.772+0000] {dag.py:2742} INFO - Sync 2 DAGs
[2025-11-17T03:59:16.774+0000] {logging_mixin.py:150} INFO - [2025-11-17T03:59:16.774+0000] {dag.py:3504} INFO - Setting next_dagrun for example_subdag_operator.section-1 to None, run_after=None
[2025-11-17T03:59:16.775+0000] {logging_mixin.py:150} INFO - [2025-11-17T03:59:16.775+0000] {dag.py:3504} INFO - Setting next_dagrun for example_subdag_operator.section-2 to None, run_after=None
[2025-11-17T03:59:16.784+0000] {processor.py:179} INFO - Processing /home/vscode/.local/lib/python3.10/site-packages/airflow/example_dags/example_subdag_operator.py took 0.057 seconds
[2025-11-17T04:00:00.085+0000] {processor.py:157} INFO - Started process (PID=22487) to work on /home/vscode/.local/lib/python3.10/site-packages/airflow/example_dags/example_subdag_operator.py
[2025-11-17T04:00:00.086+0000] {processor.py:826} INFO - Processing file /home/vscode/.local/lib/python3.10/site-packages/airflow/example_dags/example_subdag_operator.py for tasks to queue
[2025-11-17T04:00:00.086+0000] {logging_mixin.py:150} INFO - [2025-11-17T04:00:00.086+0000] {dagbag.py:541} INFO - Filling up the DagBag from /home/vscode/.local/lib/python3.10/site-packages/airflow/example_dags/example_subdag_operator.py
[2025-11-17T04:00:00.099+0000] {processor.py:836} INFO - DAG(s) dict_keys(['example_subdag_operator.section-1', 'example_subdag_operator.section-2', 'example_subdag_operator']) retrieved from /home/vscode/.local/lib/python3.10/site-packages/airflow/example_dags/example_subdag_operator.py
[2025-11-17T04:00:00.109+0000] {logging_mixin.py:150} INFO - [2025-11-17T04:00:00.109+0000] {dag.py:2742} INFO - Sync 3 DAGs
[2025-11-17T04:00:00.121+0000] {logging_mixin.py:150} INFO - [2025-11-17T04:00:00.121+0000] {dag.py:3504} INFO - Setting next_dagrun for example_subdag_operator to 2022-01-01T00:00:00+00:00, run_after=2022-01-01T00:00:00+00:00
[2025-11-17T04:00:00.123+0000] {logging_mixin.py:150} INFO - [2025-11-17T04:00:00.123+0000] {dag.py:3504} INFO - Setting next_dagrun for example_subdag_operator.section-1 to None, run_after=None
[2025-11-17T04:00:00.124+0000] {logging_mixin.py:150} INFO - [2025-11-17T04:00:00.124+0000] {dag.py:3504} INFO - Setting next_dagrun for example_subdag_operator.section-2 to None, run_after=None
[2025-11-17T04:00:00.127+0000] {logging_mixin.py:150} INFO - [2025-11-17T04:00:00.127+0000] {dag.py:2742} INFO - Sync 2 DAGs
[2025-11-17T04:00:00.130+0000] {logging_mixin.py:150} INFO - [2025-11-17T04:00:00.130+0000] {dag.py:3504} INFO - Setting next_dagrun for example_subdag_operator.section-1 to None, run_after=None
[2025-11-17T04:00:00.130+0000] {logging_mixin.py:150} INFO - [2025-11-17T04:00:00.130+0000] {dag.py:3504} INFO - Setting next_dagrun for example_subdag_operator.section-2 to None, run_after=None
[2025-11-17T04:00:00.139+0000] {processor.py:179} INFO - Processing /home/vscode/.local/lib/python3.10/site-packages/airflow/example_dags/example_subdag_operator.py took 0.056 seconds
[2025-11-17T04:00:43.974+0000] {processor.py:157} INFO - Started process (PID=22780) to work on /home/vscode/.local/lib/python3.10/site-packages/airflow/example_dags/example_subdag_operator.py
[2025-11-17T04:00:43.975+0000] {processor.py:826} INFO - Processing file /home/vscode/.local/lib/python3.10/site-packages/airflow/example_dags/example_subdag_operator.py for tasks to queue
[2025-11-17T04:00:43.975+0000] {logging_mixin.py:150} INFO - [2025-11-17T04:00:43.975+0000] {dagbag.py:541} INFO - Filling up the DagBag from /home/vscode/.local/lib/python3.10/site-packages/airflow/example_dags/example_subdag_operator.py
[2025-11-17T04:00:43.988+0000] {processor.py:836} INFO - DAG(s) dict_keys(['example_subdag_operator.section-1', 'example_subdag_operator.section-2', 'example_subdag_operator']) retrieved from /home/vscode/.local/lib/python3.10/site-packages/airflow/example_dags/example_subdag_operator.py
[2025-11-17T04:00:43.998+0000] {logging_mixin.py:150} INFO - [2025-11-17T04:00:43.998+0000] {dag.py:2742} INFO - Sync 3 DAGs
[2025-11-17T04:00:44.011+0000] {logging_mixin.py:150} INFO - [2025-11-17T04:00:44.011+0000] {dag.py:3504} INFO - Setting next_dagrun for example_subdag_operator to 2022-01-01T00:00:00+00:00, run_after=2022-01-01T00:00:00+00:00
[2025-11-17T04:00:44.013+0000] {logging_mixin.py:150} INFO - [2025-11-17T04:00:44.012+0000] {dag.py:3504} INFO - Setting next_dagrun for example_subdag_operator.section-1 to None, run_after=None
[2025-11-17T04:00:44.013+0000] {logging_mixin.py:150} INFO - [2025-11-17T04:00:44.013+0000] {dag.py:3504} INFO - Setting next_dagrun for example_subdag_operator.section-2 to None, run_after=None
[2025-11-17T04:00:44.017+0000] {logging_mixin.py:150} INFO - [2025-11-17T04:00:44.017+0000] {dag.py:2742} INFO - Sync 2 DAGs
[2025-11-17T04:00:44.019+0000] {logging_mixin.py:150} INFO - [2025-11-17T04:00:44.019+0000] {dag.py:3504} INFO - Setting next_dagrun for example_subdag_operator.section-1 to None, run_after=None
[2025-11-17T04:00:44.020+0000] {logging_mixin.py:150} INFO - [2025-11-17T04:00:44.020+0000] {dag.py:3504} INFO - Setting next_dagrun for example_subdag_operator.section-2 to None, run_after=None
[2025-11-17T04:00:44.029+0000] {processor.py:179} INFO - Processing /home/vscode/.local/lib/python3.10/site-packages/airflow/example_dags/example_subdag_operator.py took 0.057 seconds
[2025-11-17T04:01:26.204+0000] {processor.py:157} INFO - Started process (PID=23071) to work on /home/vscode/.local/lib/python3.10/site-packages/airflow/example_dags/example_subdag_operator.py
[2025-11-17T04:01:26.205+0000] {processor.py:826} INFO - Processing file /home/vscode/.local/lib/python3.10/site-packages/airflow/example_dags/example_subdag_operator.py for tasks to queue
[2025-11-17T04:01:26.205+0000] {logging_mixin.py:150} INFO - [2025-11-17T04:01:26.205+0000] {dagbag.py:541} INFO - Filling up the DagBag from /home/vscode/.local/lib/python3.10/site-packages/airflow/example_dags/example_subdag_operator.py
[2025-11-17T04:01:26.218+0000] {processor.py:836} INFO - DAG(s) dict_keys(['example_subdag_operator.section-1', 'example_subdag_operator.section-2', 'example_subdag_operator']) retrieved from /home/vscode/.local/lib/python3.10/site-packages/airflow/example_dags/example_subdag_operator.py
[2025-11-17T04:01:26.228+0000] {logging_mixin.py:150} INFO - [2025-11-17T04:01:26.228+0000] {dag.py:2742} INFO - Sync 3 DAGs
[2025-11-17T04:01:26.241+0000] {logging_mixin.py:150} INFO - [2025-11-17T04:01:26.240+0000] {dag.py:3504} INFO - Setting next_dagrun for example_subdag_operator to 2022-01-01T00:00:00+00:00, run_after=2022-01-01T00:00:00+00:00
[2025-11-17T04:01:26.242+0000] {logging_mixin.py:150} INFO - [2025-11-17T04:01:26.242+0000] {dag.py:3504} INFO - Setting next_dagrun for example_subdag_operator.section-1 to None, run_after=None
[2025-11-17T04:01:26.243+0000] {logging_mixin.py:150} INFO - [2025-11-17T04:01:26.243+0000] {dag.py:3504} INFO - Setting next_dagrun for example_subdag_operator.section-2 to None, run_after=None
[2025-11-17T04:01:26.247+0000] {logging_mixin.py:150} INFO - [2025-11-17T04:01:26.247+0000] {dag.py:2742} INFO - Sync 2 DAGs
[2025-11-17T04:01:26.249+0000] {logging_mixin.py:150} INFO - [2025-11-17T04:01:26.249+0000] {dag.py:3504} INFO - Setting next_dagrun for example_subdag_operator.section-1 to None, run_after=None
[2025-11-17T04:01:26.250+0000] {logging_mixin.py:150} INFO - [2025-11-17T04:01:26.249+0000] {dag.py:3504} INFO - Setting next_dagrun for example_subdag_operator.section-2 to None, run_after=None
[2025-11-17T04:01:26.260+0000] {processor.py:179} INFO - Processing /home/vscode/.local/lib/python3.10/site-packages/airflow/example_dags/example_subdag_operator.py took 0.058 seconds
[2025-11-17T04:02:11.270+0000] {processor.py:157} INFO - Started process (PID=23368) to work on /home/vscode/.local/lib/python3.10/site-packages/airflow/example_dags/example_subdag_operator.py
[2025-11-17T04:02:11.270+0000] {processor.py:826} INFO - Processing file /home/vscode/.local/lib/python3.10/site-packages/airflow/example_dags/example_subdag_operator.py for tasks to queue
[2025-11-17T04:02:11.271+0000] {logging_mixin.py:150} INFO - [2025-11-17T04:02:11.271+0000] {dagbag.py:541} INFO - Filling up the DagBag from /home/vscode/.local/lib/python3.10/site-packages/airflow/example_dags/example_subdag_operator.py
[2025-11-17T04:02:11.285+0000] {processor.py:836} INFO - DAG(s) dict_keys(['example_subdag_operator.section-1', 'example_subdag_operator.section-2', 'example_subdag_operator']) retrieved from /home/vscode/.local/lib/python3.10/site-packages/airflow/example_dags/example_subdag_operator.py
[2025-11-17T04:02:11.296+0000] {logging_mixin.py:150} INFO - [2025-11-17T04:02:11.296+0000] {dag.py:2742} INFO - Sync 3 DAGs
[2025-11-17T04:02:11.309+0000] {logging_mixin.py:150} INFO - [2025-11-17T04:02:11.309+0000] {dag.py:3504} INFO - Setting next_dagrun for example_subdag_operator to 2022-01-01T00:00:00+00:00, run_after=2022-01-01T00:00:00+00:00
[2025-11-17T04:02:11.311+0000] {logging_mixin.py:150} INFO - [2025-11-17T04:02:11.311+0000] {dag.py:3504} INFO - Setting next_dagrun for example_subdag_operator.section-1 to None, run_after=None
[2025-11-17T04:02:11.312+0000] {logging_mixin.py:150} INFO - [2025-11-17T04:02:11.312+0000] {dag.py:3504} INFO - Setting next_dagrun for example_subdag_operator.section-2 to None, run_after=None
[2025-11-17T04:02:11.316+0000] {logging_mixin.py:150} INFO - [2025-11-17T04:02:11.316+0000] {dag.py:2742} INFO - Sync 2 DAGs
[2025-11-17T04:02:11.318+0000] {logging_mixin.py:150} INFO - [2025-11-17T04:02:11.318+0000] {dag.py:3504} INFO - Setting next_dagrun for example_subdag_operator.section-1 to None, run_after=None
[2025-11-17T04:02:11.319+0000] {logging_mixin.py:150} INFO - [2025-11-17T04:02:11.318+0000] {dag.py:3504} INFO - Setting next_dagrun for example_subdag_operator.section-2 to None, run_after=None
[2025-11-17T04:02:11.328+0000] {processor.py:179} INFO - Processing /home/vscode/.local/lib/python3.10/site-packages/airflow/example_dags/example_subdag_operator.py took 0.061 seconds
[2025-11-17T04:02:53.511+0000] {processor.py:157} INFO - Started process (PID=23651) to work on /home/vscode/.local/lib/python3.10/site-packages/airflow/example_dags/example_subdag_operator.py
[2025-11-17T04:02:53.512+0000] {processor.py:826} INFO - Processing file /home/vscode/.local/lib/python3.10/site-packages/airflow/example_dags/example_subdag_operator.py for tasks to queue
[2025-11-17T04:02:53.513+0000] {logging_mixin.py:150} INFO - [2025-11-17T04:02:53.512+0000] {dagbag.py:541} INFO - Filling up the DagBag from /home/vscode/.local/lib/python3.10/site-packages/airflow/example_dags/example_subdag_operator.py
[2025-11-17T04:02:53.526+0000] {processor.py:836} INFO - DAG(s) dict_keys(['example_subdag_operator.section-1', 'example_subdag_operator.section-2', 'example_subdag_operator']) retrieved from /home/vscode/.local/lib/python3.10/site-packages/airflow/example_dags/example_subdag_operator.py
[2025-11-17T04:02:53.536+0000] {logging_mixin.py:150} INFO - [2025-11-17T04:02:53.536+0000] {dag.py:2742} INFO - Sync 3 DAGs
[2025-11-17T04:02:53.551+0000] {logging_mixin.py:150} INFO - [2025-11-17T04:02:53.551+0000] {dag.py:3504} INFO - Setting next_dagrun for example_subdag_operator to 2022-01-01T00:00:00+00:00, run_after=2022-01-01T00:00:00+00:00
[2025-11-17T04:02:53.553+0000] {logging_mixin.py:150} INFO - [2025-11-17T04:02:53.553+0000] {dag.py:3504} INFO - Setting next_dagrun for example_subdag_operator.section-1 to None, run_after=None
[2025-11-17T04:02:53.553+0000] {logging_mixin.py:150} INFO - [2025-11-17T04:02:53.553+0000] {dag.py:3504} INFO - Setting next_dagrun for example_subdag_operator.section-2 to None, run_after=None
[2025-11-17T04:02:53.557+0000] {logging_mixin.py:150} INFO - [2025-11-17T04:02:53.557+0000] {dag.py:2742} INFO - Sync 2 DAGs
[2025-11-17T04:02:53.560+0000] {logging_mixin.py:150} INFO - [2025-11-17T04:02:53.560+0000] {dag.py:3504} INFO - Setting next_dagrun for example_subdag_operator.section-1 to None, run_after=None
[2025-11-17T04:02:53.560+0000] {logging_mixin.py:150} INFO - [2025-11-17T04:02:53.560+0000] {dag.py:3504} INFO - Setting next_dagrun for example_subdag_operator.section-2 to None, run_after=None
[2025-11-17T04:02:53.571+0000] {processor.py:179} INFO - Processing /home/vscode/.local/lib/python3.10/site-packages/airflow/example_dags/example_subdag_operator.py took 0.062 seconds
[2025-11-17T04:03:38.567+0000] {processor.py:157} INFO - Started process (PID=23951) to work on /home/vscode/.local/lib/python3.10/site-packages/airflow/example_dags/example_subdag_operator.py
[2025-11-17T04:03:38.568+0000] {processor.py:826} INFO - Processing file /home/vscode/.local/lib/python3.10/site-packages/airflow/example_dags/example_subdag_operator.py for tasks to queue
[2025-11-17T04:03:38.568+0000] {logging_mixin.py:150} INFO - [2025-11-17T04:03:38.568+0000] {dagbag.py:541} INFO - Filling up the DagBag from /home/vscode/.local/lib/python3.10/site-packages/airflow/example_dags/example_subdag_operator.py
[2025-11-17T04:03:38.582+0000] {processor.py:836} INFO - DAG(s) dict_keys(['example_subdag_operator.section-1', 'example_subdag_operator.section-2', 'example_subdag_operator']) retrieved from /home/vscode/.local/lib/python3.10/site-packages/airflow/example_dags/example_subdag_operator.py
[2025-11-17T04:03:38.592+0000] {logging_mixin.py:150} INFO - [2025-11-17T04:03:38.591+0000] {dag.py:2742} INFO - Sync 3 DAGs
[2025-11-17T04:03:38.604+0000] {logging_mixin.py:150} INFO - [2025-11-17T04:03:38.604+0000] {dag.py:3504} INFO - Setting next_dagrun for example_subdag_operator to 2022-01-01T00:00:00+00:00, run_after=2022-01-01T00:00:00+00:00
[2025-11-17T04:03:38.606+0000] {logging_mixin.py:150} INFO - [2025-11-17T04:03:38.606+0000] {dag.py:3504} INFO - Setting next_dagrun for example_subdag_operator.section-1 to None, run_after=None
[2025-11-17T04:03:38.606+0000] {logging_mixin.py:150} INFO - [2025-11-17T04:03:38.606+0000] {dag.py:3504} INFO - Setting next_dagrun for example_subdag_operator.section-2 to None, run_after=None
[2025-11-17T04:03:38.610+0000] {logging_mixin.py:150} INFO - [2025-11-17T04:03:38.610+0000] {dag.py:2742} INFO - Sync 2 DAGs
[2025-11-17T04:03:38.613+0000] {logging_mixin.py:150} INFO - [2025-11-17T04:03:38.613+0000] {dag.py:3504} INFO - Setting next_dagrun for example_subdag_operator.section-1 to None, run_after=None
[2025-11-17T04:03:38.613+0000] {logging_mixin.py:150} INFO - [2025-11-17T04:03:38.613+0000] {dag.py:3504} INFO - Setting next_dagrun for example_subdag_operator.section-2 to None, run_after=None
[2025-11-17T04:03:38.627+0000] {processor.py:179} INFO - Processing /home/vscode/.local/lib/python3.10/site-packages/airflow/example_dags/example_subdag_operator.py took 0.062 seconds
[2025-11-17T04:04:25.956+0000] {processor.py:157} INFO - Started process (PID=24263) to work on /home/vscode/.local/lib/python3.10/site-packages/airflow/example_dags/example_subdag_operator.py
[2025-11-17T04:04:25.956+0000] {processor.py:826} INFO - Processing file /home/vscode/.local/lib/python3.10/site-packages/airflow/example_dags/example_subdag_operator.py for tasks to queue
[2025-11-17T04:04:25.957+0000] {logging_mixin.py:150} INFO - [2025-11-17T04:04:25.957+0000] {dagbag.py:541} INFO - Filling up the DagBag from /home/vscode/.local/lib/python3.10/site-packages/airflow/example_dags/example_subdag_operator.py
[2025-11-17T04:04:25.971+0000] {processor.py:836} INFO - DAG(s) dict_keys(['example_subdag_operator.section-1', 'example_subdag_operator.section-2', 'example_subdag_operator']) retrieved from /home/vscode/.local/lib/python3.10/site-packages/airflow/example_dags/example_subdag_operator.py
[2025-11-17T04:04:25.982+0000] {logging_mixin.py:150} INFO - [2025-11-17T04:04:25.982+0000] {dag.py:2742} INFO - Sync 3 DAGs
[2025-11-17T04:04:25.995+0000] {logging_mixin.py:150} INFO - [2025-11-17T04:04:25.995+0000] {dag.py:3504} INFO - Setting next_dagrun for example_subdag_operator to 2022-01-01T00:00:00+00:00, run_after=2022-01-01T00:00:00+00:00
[2025-11-17T04:04:25.997+0000] {logging_mixin.py:150} INFO - [2025-11-17T04:04:25.997+0000] {dag.py:3504} INFO - Setting next_dagrun for example_subdag_operator.section-1 to None, run_after=None
[2025-11-17T04:04:25.998+0000] {logging_mixin.py:150} INFO - [2025-11-17T04:04:25.997+0000] {dag.py:3504} INFO - Setting next_dagrun for example_subdag_operator.section-2 to None, run_after=None
[2025-11-17T04:04:26.002+0000] {logging_mixin.py:150} INFO - [2025-11-17T04:04:26.002+0000] {dag.py:2742} INFO - Sync 2 DAGs
[2025-11-17T04:04:26.004+0000] {logging_mixin.py:150} INFO - [2025-11-17T04:04:26.004+0000] {dag.py:3504} INFO - Setting next_dagrun for example_subdag_operator.section-1 to None, run_after=None
[2025-11-17T04:04:26.005+0000] {logging_mixin.py:150} INFO - [2025-11-17T04:04:26.005+0000] {dag.py:3504} INFO - Setting next_dagrun for example_subdag_operator.section-2 to None, run_after=None
[2025-11-17T04:04:26.015+0000] {processor.py:179} INFO - Processing /home/vscode/.local/lib/python3.10/site-packages/airflow/example_dags/example_subdag_operator.py took 0.061 seconds
[2025-11-17T04:05:09.908+0000] {processor.py:157} INFO - Started process (PID=24584) to work on /home/vscode/.local/lib/python3.10/site-packages/airflow/example_dags/example_subdag_operator.py
[2025-11-17T04:05:09.909+0000] {processor.py:826} INFO - Processing file /home/vscode/.local/lib/python3.10/site-packages/airflow/example_dags/example_subdag_operator.py for tasks to queue
[2025-11-17T04:05:09.911+0000] {logging_mixin.py:150} INFO - [2025-11-17T04:05:09.910+0000] {dagbag.py:541} INFO - Filling up the DagBag from /home/vscode/.local/lib/python3.10/site-packages/airflow/example_dags/example_subdag_operator.py
[2025-11-17T04:05:09.933+0000] {processor.py:836} INFO - DAG(s) dict_keys(['example_subdag_operator.section-1', 'example_subdag_operator.section-2', 'example_subdag_operator']) retrieved from /home/vscode/.local/lib/python3.10/site-packages/airflow/example_dags/example_subdag_operator.py
[2025-11-17T04:05:09.948+0000] {logging_mixin.py:150} INFO - [2025-11-17T04:05:09.948+0000] {dag.py:2742} INFO - Sync 3 DAGs
[2025-11-17T04:05:09.962+0000] {logging_mixin.py:150} INFO - [2025-11-17T04:05:09.962+0000] {dag.py:3504} INFO - Setting next_dagrun for example_subdag_operator to 2022-01-01T00:00:00+00:00, run_after=2022-01-01T00:00:00+00:00
[2025-11-17T04:05:09.964+0000] {logging_mixin.py:150} INFO - [2025-11-17T04:05:09.964+0000] {dag.py:3504} INFO - Setting next_dagrun for example_subdag_operator.section-1 to None, run_after=None
[2025-11-17T04:05:09.965+0000] {logging_mixin.py:150} INFO - [2025-11-17T04:05:09.965+0000] {dag.py:3504} INFO - Setting next_dagrun for example_subdag_operator.section-2 to None, run_after=None
[2025-11-17T04:05:09.969+0000] {logging_mixin.py:150} INFO - [2025-11-17T04:05:09.969+0000] {dag.py:2742} INFO - Sync 2 DAGs
[2025-11-17T04:05:09.973+0000] {logging_mixin.py:150} INFO - [2025-11-17T04:05:09.972+0000] {dag.py:3504} INFO - Setting next_dagrun for example_subdag_operator.section-1 to None, run_after=None
[2025-11-17T04:05:09.973+0000] {logging_mixin.py:150} INFO - [2025-11-17T04:05:09.973+0000] {dag.py:3504} INFO - Setting next_dagrun for example_subdag_operator.section-2 to None, run_after=None
[2025-11-17T04:05:09.982+0000] {processor.py:179} INFO - Processing /home/vscode/.local/lib/python3.10/site-packages/airflow/example_dags/example_subdag_operator.py took 0.077 seconds
[2025-11-17T04:05:54.104+0000] {processor.py:157} INFO - Started process (PID=24897) to work on /home/vscode/.local/lib/python3.10/site-packages/airflow/example_dags/example_subdag_operator.py
[2025-11-17T04:05:54.105+0000] {processor.py:826} INFO - Processing file /home/vscode/.local/lib/python3.10/site-packages/airflow/example_dags/example_subdag_operator.py for tasks to queue
[2025-11-17T04:05:54.105+0000] {logging_mixin.py:150} INFO - [2025-11-17T04:05:54.105+0000] {dagbag.py:541} INFO - Filling up the DagBag from /home/vscode/.local/lib/python3.10/site-packages/airflow/example_dags/example_subdag_operator.py
[2025-11-17T04:05:54.119+0000] {processor.py:836} INFO - DAG(s) dict_keys(['example_subdag_operator.section-1', 'example_subdag_operator.section-2', 'example_subdag_operator']) retrieved from /home/vscode/.local/lib/python3.10/site-packages/airflow/example_dags/example_subdag_operator.py
[2025-11-17T04:05:54.131+0000] {logging_mixin.py:150} INFO - [2025-11-17T04:05:54.130+0000] {dag.py:2742} INFO - Sync 3 DAGs
[2025-11-17T04:05:54.144+0000] {logging_mixin.py:150} INFO - [2025-11-17T04:05:54.144+0000] {dag.py:3504} INFO - Setting next_dagrun for example_subdag_operator to 2022-01-01T00:00:00+00:00, run_after=2022-01-01T00:00:00+00:00
[2025-11-17T04:05:54.146+0000] {logging_mixin.py:150} INFO - [2025-11-17T04:05:54.146+0000] {dag.py:3504} INFO - Setting next_dagrun for example_subdag_operator.section-1 to None, run_after=None
[2025-11-17T04:05:54.147+0000] {logging_mixin.py:150} INFO - [2025-11-17T04:05:54.147+0000] {dag.py:3504} INFO - Setting next_dagrun for example_subdag_operator.section-2 to None, run_after=None
[2025-11-17T04:05:54.151+0000] {logging_mixin.py:150} INFO - [2025-11-17T04:05:54.151+0000] {dag.py:2742} INFO - Sync 2 DAGs
[2025-11-17T04:05:54.154+0000] {logging_mixin.py:150} INFO - [2025-11-17T04:05:54.154+0000] {dag.py:3504} INFO - Setting next_dagrun for example_subdag_operator.section-1 to None, run_after=None
[2025-11-17T04:05:54.154+0000] {logging_mixin.py:150} INFO - [2025-11-17T04:05:54.154+0000] {dag.py:3504} INFO - Setting next_dagrun for example_subdag_operator.section-2 to None, run_after=None
[2025-11-17T04:05:54.164+0000] {processor.py:179} INFO - Processing /home/vscode/.local/lib/python3.10/site-packages/airflow/example_dags/example_subdag_operator.py took 0.063 seconds
[2025-11-17T04:06:41.914+0000] {processor.py:157} INFO - Started process (PID=25286) to work on /home/vscode/.local/lib/python3.10/site-packages/airflow/example_dags/example_subdag_operator.py
[2025-11-17T04:06:41.915+0000] {processor.py:826} INFO - Processing file /home/vscode/.local/lib/python3.10/site-packages/airflow/example_dags/example_subdag_operator.py for tasks to queue
[2025-11-17T04:06:41.915+0000] {logging_mixin.py:150} INFO - [2025-11-17T04:06:41.915+0000] {dagbag.py:541} INFO - Filling up the DagBag from /home/vscode/.local/lib/python3.10/site-packages/airflow/example_dags/example_subdag_operator.py
[2025-11-17T04:06:41.930+0000] {processor.py:836} INFO - DAG(s) dict_keys(['example_subdag_operator.section-1', 'example_subdag_operator.section-2', 'example_subdag_operator']) retrieved from /home/vscode/.local/lib/python3.10/site-packages/airflow/example_dags/example_subdag_operator.py
[2025-11-17T04:06:41.941+0000] {logging_mixin.py:150} INFO - [2025-11-17T04:06:41.941+0000] {dag.py:2742} INFO - Sync 3 DAGs
[2025-11-17T04:06:41.954+0000] {logging_mixin.py:150} INFO - [2025-11-17T04:06:41.954+0000] {dag.py:3504} INFO - Setting next_dagrun for example_subdag_operator to 2022-01-01T00:00:00+00:00, run_after=2022-01-01T00:00:00+00:00
[2025-11-17T04:06:41.956+0000] {logging_mixin.py:150} INFO - [2025-11-17T04:06:41.956+0000] {dag.py:3504} INFO - Setting next_dagrun for example_subdag_operator.section-1 to None, run_after=None
[2025-11-17T04:06:41.956+0000] {logging_mixin.py:150} INFO - [2025-11-17T04:06:41.956+0000] {dag.py:3504} INFO - Setting next_dagrun for example_subdag_operator.section-2 to None, run_after=None
[2025-11-17T04:06:41.960+0000] {logging_mixin.py:150} INFO - [2025-11-17T04:06:41.960+0000] {dag.py:2742} INFO - Sync 2 DAGs
[2025-11-17T04:06:41.963+0000] {logging_mixin.py:150} INFO - [2025-11-17T04:06:41.963+0000] {dag.py:3504} INFO - Setting next_dagrun for example_subdag_operator.section-1 to None, run_after=None
[2025-11-17T04:06:41.963+0000] {logging_mixin.py:150} INFO - [2025-11-17T04:06:41.963+0000] {dag.py:3504} INFO - Setting next_dagrun for example_subdag_operator.section-2 to None, run_after=None
[2025-11-17T04:06:41.972+0000] {processor.py:179} INFO - Processing /home/vscode/.local/lib/python3.10/site-packages/airflow/example_dags/example_subdag_operator.py took 0.060 seconds
[2025-11-17T04:07:25.449+0000] {processor.py:157} INFO - Started process (PID=25596) to work on /home/vscode/.local/lib/python3.10/site-packages/airflow/example_dags/example_subdag_operator.py
[2025-11-17T04:07:25.450+0000] {processor.py:826} INFO - Processing file /home/vscode/.local/lib/python3.10/site-packages/airflow/example_dags/example_subdag_operator.py for tasks to queue
[2025-11-17T04:07:25.450+0000] {logging_mixin.py:150} INFO - [2025-11-17T04:07:25.450+0000] {dagbag.py:541} INFO - Filling up the DagBag from /home/vscode/.local/lib/python3.10/site-packages/airflow/example_dags/example_subdag_operator.py
[2025-11-17T04:07:25.463+0000] {processor.py:836} INFO - DAG(s) dict_keys(['example_subdag_operator.section-1', 'example_subdag_operator.section-2', 'example_subdag_operator']) retrieved from /home/vscode/.local/lib/python3.10/site-packages/airflow/example_dags/example_subdag_operator.py
[2025-11-17T04:07:25.473+0000] {logging_mixin.py:150} INFO - [2025-11-17T04:07:25.473+0000] {dag.py:2742} INFO - Sync 3 DAGs
[2025-11-17T04:07:25.486+0000] {logging_mixin.py:150} INFO - [2025-11-17T04:07:25.486+0000] {dag.py:3504} INFO - Setting next_dagrun for example_subdag_operator to 2022-01-01T00:00:00+00:00, run_after=2022-01-01T00:00:00+00:00
[2025-11-17T04:07:25.487+0000] {logging_mixin.py:150} INFO - [2025-11-17T04:07:25.487+0000] {dag.py:3504} INFO - Setting next_dagrun for example_subdag_operator.section-1 to None, run_after=None
[2025-11-17T04:07:25.488+0000] {logging_mixin.py:150} INFO - [2025-11-17T04:07:25.488+0000] {dag.py:3504} INFO - Setting next_dagrun for example_subdag_operator.section-2 to None, run_after=None
[2025-11-17T04:07:25.492+0000] {logging_mixin.py:150} INFO - [2025-11-17T04:07:25.492+0000] {dag.py:2742} INFO - Sync 2 DAGs
[2025-11-17T04:07:25.495+0000] {logging_mixin.py:150} INFO - [2025-11-17T04:07:25.494+0000] {dag.py:3504} INFO - Setting next_dagrun for example_subdag_operator.section-1 to None, run_after=None
[2025-11-17T04:07:25.495+0000] {logging_mixin.py:150} INFO - [2025-11-17T04:07:25.495+0000] {dag.py:3504} INFO - Setting next_dagrun for example_subdag_operator.section-2 to None, run_after=None
[2025-11-17T04:07:25.508+0000] {processor.py:179} INFO - Processing /home/vscode/.local/lib/python3.10/site-packages/airflow/example_dags/example_subdag_operator.py took 0.061 seconds
[2025-11-17T04:08:09.736+0000] {processor.py:157} INFO - Started process (PID=25981) to work on /home/vscode/.local/lib/python3.10/site-packages/airflow/example_dags/example_subdag_operator.py
[2025-11-17T04:08:09.737+0000] {processor.py:826} INFO - Processing file /home/vscode/.local/lib/python3.10/site-packages/airflow/example_dags/example_subdag_operator.py for tasks to queue
[2025-11-17T04:08:09.738+0000] {logging_mixin.py:150} INFO - [2025-11-17T04:08:09.737+0000] {dagbag.py:541} INFO - Filling up the DagBag from /home/vscode/.local/lib/python3.10/site-packages/airflow/example_dags/example_subdag_operator.py
[2025-11-17T04:08:09.751+0000] {processor.py:836} INFO - DAG(s) dict_keys(['example_subdag_operator.section-1', 'example_subdag_operator.section-2', 'example_subdag_operator']) retrieved from /home/vscode/.local/lib/python3.10/site-packages/airflow/example_dags/example_subdag_operator.py
[2025-11-17T04:08:09.762+0000] {logging_mixin.py:150} INFO - [2025-11-17T04:08:09.762+0000] {dag.py:2742} INFO - Sync 3 DAGs
[2025-11-17T04:08:09.775+0000] {logging_mixin.py:150} INFO - [2025-11-17T04:08:09.775+0000] {dag.py:3504} INFO - Setting next_dagrun for example_subdag_operator to 2022-01-01T00:00:00+00:00, run_after=2022-01-01T00:00:00+00:00
[2025-11-17T04:08:09.777+0000] {logging_mixin.py:150} INFO - [2025-11-17T04:08:09.777+0000] {dag.py:3504} INFO - Setting next_dagrun for example_subdag_operator.section-1 to None, run_after=None
[2025-11-17T04:08:09.778+0000] {logging_mixin.py:150} INFO - [2025-11-17T04:08:09.778+0000] {dag.py:3504} INFO - Setting next_dagrun for example_subdag_operator.section-2 to None, run_after=None
[2025-11-17T04:08:09.782+0000] {logging_mixin.py:150} INFO - [2025-11-17T04:08:09.781+0000] {dag.py:2742} INFO - Sync 2 DAGs
[2025-11-17T04:08:09.784+0000] {logging_mixin.py:150} INFO - [2025-11-17T04:08:09.784+0000] {dag.py:3504} INFO - Setting next_dagrun for example_subdag_operator.section-1 to None, run_after=None
[2025-11-17T04:08:09.784+0000] {logging_mixin.py:150} INFO - [2025-11-17T04:08:09.784+0000] {dag.py:3504} INFO - Setting next_dagrun for example_subdag_operator.section-2 to None, run_after=None
[2025-11-17T04:08:09.794+0000] {processor.py:179} INFO - Processing /home/vscode/.local/lib/python3.10/site-packages/airflow/example_dags/example_subdag_operator.py took 0.060 seconds
[2025-11-17T04:08:53.455+0000] {processor.py:157} INFO - Started process (PID=26280) to work on /home/vscode/.local/lib/python3.10/site-packages/airflow/example_dags/example_subdag_operator.py
[2025-11-17T04:08:53.456+0000] {processor.py:826} INFO - Processing file /home/vscode/.local/lib/python3.10/site-packages/airflow/example_dags/example_subdag_operator.py for tasks to queue
[2025-11-17T04:08:53.456+0000] {logging_mixin.py:150} INFO - [2025-11-17T04:08:53.456+0000] {dagbag.py:541} INFO - Filling up the DagBag from /home/vscode/.local/lib/python3.10/site-packages/airflow/example_dags/example_subdag_operator.py
[2025-11-17T04:08:53.470+0000] {processor.py:836} INFO - DAG(s) dict_keys(['example_subdag_operator.section-1', 'example_subdag_operator.section-2', 'example_subdag_operator']) retrieved from /home/vscode/.local/lib/python3.10/site-packages/airflow/example_dags/example_subdag_operator.py
[2025-11-17T04:08:53.481+0000] {logging_mixin.py:150} INFO - [2025-11-17T04:08:53.481+0000] {dag.py:2742} INFO - Sync 3 DAGs
[2025-11-17T04:08:53.495+0000] {logging_mixin.py:150} INFO - [2025-11-17T04:08:53.494+0000] {dag.py:3504} INFO - Setting next_dagrun for example_subdag_operator to 2022-01-01T00:00:00+00:00, run_after=2022-01-01T00:00:00+00:00
[2025-11-17T04:08:53.497+0000] {logging_mixin.py:150} INFO - [2025-11-17T04:08:53.496+0000] {dag.py:3504} INFO - Setting next_dagrun for example_subdag_operator.section-1 to None, run_after=None
[2025-11-17T04:08:53.497+0000] {logging_mixin.py:150} INFO - [2025-11-17T04:08:53.497+0000] {dag.py:3504} INFO - Setting next_dagrun for example_subdag_operator.section-2 to None, run_after=None
[2025-11-17T04:08:53.501+0000] {logging_mixin.py:150} INFO - [2025-11-17T04:08:53.501+0000] {dag.py:2742} INFO - Sync 2 DAGs
[2025-11-17T04:08:53.504+0000] {logging_mixin.py:150} INFO - [2025-11-17T04:08:53.504+0000] {dag.py:3504} INFO - Setting next_dagrun for example_subdag_operator.section-1 to None, run_after=None
[2025-11-17T04:08:53.504+0000] {logging_mixin.py:150} INFO - [2025-11-17T04:08:53.504+0000] {dag.py:3504} INFO - Setting next_dagrun for example_subdag_operator.section-2 to None, run_after=None
[2025-11-17T04:08:53.514+0000] {processor.py:179} INFO - Processing /home/vscode/.local/lib/python3.10/site-packages/airflow/example_dags/example_subdag_operator.py took 0.061 seconds
[2025-11-17T04:09:36.258+0000] {processor.py:157} INFO - Started process (PID=26602) to work on /home/vscode/.local/lib/python3.10/site-packages/airflow/example_dags/example_subdag_operator.py
[2025-11-17T04:09:36.259+0000] {processor.py:826} INFO - Processing file /home/vscode/.local/lib/python3.10/site-packages/airflow/example_dags/example_subdag_operator.py for tasks to queue
[2025-11-17T04:09:36.259+0000] {logging_mixin.py:150} INFO - [2025-11-17T04:09:36.259+0000] {dagbag.py:541} INFO - Filling up the DagBag from /home/vscode/.local/lib/python3.10/site-packages/airflow/example_dags/example_subdag_operator.py
[2025-11-17T04:09:36.273+0000] {processor.py:836} INFO - DAG(s) dict_keys(['example_subdag_operator.section-1', 'example_subdag_operator.section-2', 'example_subdag_operator']) retrieved from /home/vscode/.local/lib/python3.10/site-packages/airflow/example_dags/example_subdag_operator.py
[2025-11-17T04:09:36.285+0000] {logging_mixin.py:150} INFO - [2025-11-17T04:09:36.284+0000] {dag.py:2742} INFO - Sync 3 DAGs
[2025-11-17T04:09:36.300+0000] {logging_mixin.py:150} INFO - [2025-11-17T04:09:36.300+0000] {dag.py:3504} INFO - Setting next_dagrun for example_subdag_operator to 2022-01-01T00:00:00+00:00, run_after=2022-01-01T00:00:00+00:00
[2025-11-17T04:09:36.302+0000] {logging_mixin.py:150} INFO - [2025-11-17T04:09:36.302+0000] {dag.py:3504} INFO - Setting next_dagrun for example_subdag_operator.section-1 to None, run_after=None
[2025-11-17T04:09:36.302+0000] {logging_mixin.py:150} INFO - [2025-11-17T04:09:36.302+0000] {dag.py:3504} INFO - Setting next_dagrun for example_subdag_operator.section-2 to None, run_after=None
[2025-11-17T04:09:36.306+0000] {logging_mixin.py:150} INFO - [2025-11-17T04:09:36.306+0000] {dag.py:2742} INFO - Sync 2 DAGs
[2025-11-17T04:09:36.309+0000] {logging_mixin.py:150} INFO - [2025-11-17T04:09:36.309+0000] {dag.py:3504} INFO - Setting next_dagrun for example_subdag_operator.section-1 to None, run_after=None
[2025-11-17T04:09:36.310+0000] {logging_mixin.py:150} INFO - [2025-11-17T04:09:36.310+0000] {dag.py:3504} INFO - Setting next_dagrun for example_subdag_operator.section-2 to None, run_after=None
[2025-11-17T04:09:36.320+0000] {processor.py:179} INFO - Processing /home/vscode/.local/lib/python3.10/site-packages/airflow/example_dags/example_subdag_operator.py took 0.064 seconds
[2025-11-17T04:10:19.059+0000] {processor.py:157} INFO - Started process (PID=26880) to work on /home/vscode/.local/lib/python3.10/site-packages/airflow/example_dags/example_subdag_operator.py
[2025-11-17T04:10:19.059+0000] {processor.py:826} INFO - Processing file /home/vscode/.local/lib/python3.10/site-packages/airflow/example_dags/example_subdag_operator.py for tasks to queue
[2025-11-17T04:10:19.060+0000] {logging_mixin.py:150} INFO - [2025-11-17T04:10:19.059+0000] {dagbag.py:541} INFO - Filling up the DagBag from /home/vscode/.local/lib/python3.10/site-packages/airflow/example_dags/example_subdag_operator.py
[2025-11-17T04:10:19.074+0000] {processor.py:836} INFO - DAG(s) dict_keys(['example_subdag_operator.section-1', 'example_subdag_operator.section-2', 'example_subdag_operator']) retrieved from /home/vscode/.local/lib/python3.10/site-packages/airflow/example_dags/example_subdag_operator.py
[2025-11-17T04:10:19.085+0000] {logging_mixin.py:150} INFO - [2025-11-17T04:10:19.085+0000] {dag.py:2742} INFO - Sync 3 DAGs
[2025-11-17T04:10:19.098+0000] {logging_mixin.py:150} INFO - [2025-11-17T04:10:19.098+0000] {dag.py:3504} INFO - Setting next_dagrun for example_subdag_operator to 2022-01-01T00:00:00+00:00, run_after=2022-01-01T00:00:00+00:00
[2025-11-17T04:10:19.101+0000] {logging_mixin.py:150} INFO - [2025-11-17T04:10:19.100+0000] {dag.py:3504} INFO - Setting next_dagrun for example_subdag_operator.section-1 to None, run_after=None
[2025-11-17T04:10:19.101+0000] {logging_mixin.py:150} INFO - [2025-11-17T04:10:19.101+0000] {dag.py:3504} INFO - Setting next_dagrun for example_subdag_operator.section-2 to None, run_after=None
[2025-11-17T04:10:19.105+0000] {logging_mixin.py:150} INFO - [2025-11-17T04:10:19.105+0000] {dag.py:2742} INFO - Sync 2 DAGs
[2025-11-17T04:10:19.108+0000] {logging_mixin.py:150} INFO - [2025-11-17T04:10:19.108+0000] {dag.py:3504} INFO - Setting next_dagrun for example_subdag_operator.section-1 to None, run_after=None
[2025-11-17T04:10:19.108+0000] {logging_mixin.py:150} INFO - [2025-11-17T04:10:19.108+0000] {dag.py:3504} INFO - Setting next_dagrun for example_subdag_operator.section-2 to None, run_after=None
[2025-11-17T04:10:19.119+0000] {processor.py:179} INFO - Processing /home/vscode/.local/lib/python3.10/site-packages/airflow/example_dags/example_subdag_operator.py took 0.063 seconds
[2025-11-17T04:11:01.314+0000] {processor.py:157} INFO - Started process (PID=27172) to work on /home/vscode/.local/lib/python3.10/site-packages/airflow/example_dags/example_subdag_operator.py
[2025-11-17T04:11:01.314+0000] {processor.py:826} INFO - Processing file /home/vscode/.local/lib/python3.10/site-packages/airflow/example_dags/example_subdag_operator.py for tasks to queue
[2025-11-17T04:11:01.315+0000] {logging_mixin.py:150} INFO - [2025-11-17T04:11:01.315+0000] {dagbag.py:541} INFO - Filling up the DagBag from /home/vscode/.local/lib/python3.10/site-packages/airflow/example_dags/example_subdag_operator.py
[2025-11-17T04:11:01.328+0000] {processor.py:836} INFO - DAG(s) dict_keys(['example_subdag_operator.section-1', 'example_subdag_operator.section-2', 'example_subdag_operator']) retrieved from /home/vscode/.local/lib/python3.10/site-packages/airflow/example_dags/example_subdag_operator.py
[2025-11-17T04:11:01.338+0000] {logging_mixin.py:150} INFO - [2025-11-17T04:11:01.338+0000] {dag.py:2742} INFO - Sync 3 DAGs
[2025-11-17T04:11:01.351+0000] {logging_mixin.py:150} INFO - [2025-11-17T04:11:01.351+0000] {dag.py:3504} INFO - Setting next_dagrun for example_subdag_operator to 2022-01-01T00:00:00+00:00, run_after=2022-01-01T00:00:00+00:00
[2025-11-17T04:11:01.353+0000] {logging_mixin.py:150} INFO - [2025-11-17T04:11:01.353+0000] {dag.py:3504} INFO - Setting next_dagrun for example_subdag_operator.section-1 to None, run_after=None
[2025-11-17T04:11:01.354+0000] {logging_mixin.py:150} INFO - [2025-11-17T04:11:01.354+0000] {dag.py:3504} INFO - Setting next_dagrun for example_subdag_operator.section-2 to None, run_after=None
[2025-11-17T04:11:01.358+0000] {logging_mixin.py:150} INFO - [2025-11-17T04:11:01.358+0000] {dag.py:2742} INFO - Sync 2 DAGs
[2025-11-17T04:11:01.361+0000] {logging_mixin.py:150} INFO - [2025-11-17T04:11:01.361+0000] {dag.py:3504} INFO - Setting next_dagrun for example_subdag_operator.section-1 to None, run_after=None
[2025-11-17T04:11:01.361+0000] {logging_mixin.py:150} INFO - [2025-11-17T04:11:01.361+0000] {dag.py:3504} INFO - Setting next_dagrun for example_subdag_operator.section-2 to None, run_after=None
[2025-11-17T04:11:01.370+0000] {processor.py:179} INFO - Processing /home/vscode/.local/lib/python3.10/site-packages/airflow/example_dags/example_subdag_operator.py took 0.059 seconds
[2025-11-17T04:11:40.681+0000] {processor.py:157} INFO - Started process (PID=27443) to work on /home/vscode/.local/lib/python3.10/site-packages/airflow/example_dags/example_subdag_operator.py
[2025-11-17T04:11:40.682+0000] {processor.py:826} INFO - Processing file /home/vscode/.local/lib/python3.10/site-packages/airflow/example_dags/example_subdag_operator.py for tasks to queue
[2025-11-17T04:11:40.682+0000] {logging_mixin.py:150} INFO - [2025-11-17T04:11:40.682+0000] {dagbag.py:541} INFO - Filling up the DagBag from /home/vscode/.local/lib/python3.10/site-packages/airflow/example_dags/example_subdag_operator.py
[2025-11-17T04:11:40.696+0000] {processor.py:836} INFO - DAG(s) dict_keys(['example_subdag_operator.section-1', 'example_subdag_operator.section-2', 'example_subdag_operator']) retrieved from /home/vscode/.local/lib/python3.10/site-packages/airflow/example_dags/example_subdag_operator.py
[2025-11-17T04:11:40.707+0000] {logging_mixin.py:150} INFO - [2025-11-17T04:11:40.707+0000] {dag.py:2742} INFO - Sync 3 DAGs
[2025-11-17T04:11:40.720+0000] {logging_mixin.py:150} INFO - [2025-11-17T04:11:40.720+0000] {dag.py:3504} INFO - Setting next_dagrun for example_subdag_operator to 2022-01-01T00:00:00+00:00, run_after=2022-01-01T00:00:00+00:00
[2025-11-17T04:11:40.721+0000] {logging_mixin.py:150} INFO - [2025-11-17T04:11:40.721+0000] {dag.py:3504} INFO - Setting next_dagrun for example_subdag_operator.section-1 to None, run_after=None
[2025-11-17T04:11:40.722+0000] {logging_mixin.py:150} INFO - [2025-11-17T04:11:40.722+0000] {dag.py:3504} INFO - Setting next_dagrun for example_subdag_operator.section-2 to None, run_after=None
[2025-11-17T04:11:40.726+0000] {logging_mixin.py:150} INFO - [2025-11-17T04:11:40.726+0000] {dag.py:2742} INFO - Sync 2 DAGs
[2025-11-17T04:11:40.729+0000] {logging_mixin.py:150} INFO - [2025-11-17T04:11:40.728+0000] {dag.py:3504} INFO - Setting next_dagrun for example_subdag_operator.section-1 to None, run_after=None
[2025-11-17T04:11:40.729+0000] {logging_mixin.py:150} INFO - [2025-11-17T04:11:40.729+0000] {dag.py:3504} INFO - Setting next_dagrun for example_subdag_operator.section-2 to None, run_after=None
[2025-11-17T04:11:40.739+0000] {processor.py:179} INFO - Processing /home/vscode/.local/lib/python3.10/site-packages/airflow/example_dags/example_subdag_operator.py took 0.060 seconds
[2025-11-17T04:12:27.010+0000] {processor.py:157} INFO - Started process (PID=27768) to work on /home/vscode/.local/lib/python3.10/site-packages/airflow/example_dags/example_subdag_operator.py
[2025-11-17T04:12:27.010+0000] {processor.py:826} INFO - Processing file /home/vscode/.local/lib/python3.10/site-packages/airflow/example_dags/example_subdag_operator.py for tasks to queue
[2025-11-17T04:12:27.011+0000] {logging_mixin.py:150} INFO - [2025-11-17T04:12:27.010+0000] {dagbag.py:541} INFO - Filling up the DagBag from /home/vscode/.local/lib/python3.10/site-packages/airflow/example_dags/example_subdag_operator.py
[2025-11-17T04:12:27.024+0000] {processor.py:836} INFO - DAG(s) dict_keys(['example_subdag_operator.section-1', 'example_subdag_operator.section-2', 'example_subdag_operator']) retrieved from /home/vscode/.local/lib/python3.10/site-packages/airflow/example_dags/example_subdag_operator.py
[2025-11-17T04:12:27.034+0000] {logging_mixin.py:150} INFO - [2025-11-17T04:12:27.034+0000] {dag.py:2742} INFO - Sync 3 DAGs
[2025-11-17T04:12:27.047+0000] {logging_mixin.py:150} INFO - [2025-11-17T04:12:27.047+0000] {dag.py:3504} INFO - Setting next_dagrun for example_subdag_operator to 2022-01-01T00:00:00+00:00, run_after=2022-01-01T00:00:00+00:00
[2025-11-17T04:12:27.049+0000] {logging_mixin.py:150} INFO - [2025-11-17T04:12:27.048+0000] {dag.py:3504} INFO - Setting next_dagrun for example_subdag_operator.section-1 to None, run_after=None
[2025-11-17T04:12:27.049+0000] {logging_mixin.py:150} INFO - [2025-11-17T04:12:27.049+0000] {dag.py:3504} INFO - Setting next_dagrun for example_subdag_operator.section-2 to None, run_after=None
[2025-11-17T04:12:27.053+0000] {logging_mixin.py:150} INFO - [2025-11-17T04:12:27.053+0000] {dag.py:2742} INFO - Sync 2 DAGs
[2025-11-17T04:12:27.055+0000] {logging_mixin.py:150} INFO - [2025-11-17T04:12:27.055+0000] {dag.py:3504} INFO - Setting next_dagrun for example_subdag_operator.section-1 to None, run_after=None
[2025-11-17T04:12:27.056+0000] {logging_mixin.py:150} INFO - [2025-11-17T04:12:27.055+0000] {dag.py:3504} INFO - Setting next_dagrun for example_subdag_operator.section-2 to None, run_after=None
[2025-11-17T04:12:27.065+0000] {processor.py:179} INFO - Processing /home/vscode/.local/lib/python3.10/site-packages/airflow/example_dags/example_subdag_operator.py took 0.058 seconds
[2025-11-17T04:13:12.415+0000] {processor.py:157} INFO - Started process (PID=28140) to work on /home/vscode/.local/lib/python3.10/site-packages/airflow/example_dags/example_subdag_operator.py
[2025-11-17T04:13:12.416+0000] {processor.py:826} INFO - Processing file /home/vscode/.local/lib/python3.10/site-packages/airflow/example_dags/example_subdag_operator.py for tasks to queue
[2025-11-17T04:13:12.416+0000] {logging_mixin.py:150} INFO - [2025-11-17T04:13:12.416+0000] {dagbag.py:541} INFO - Filling up the DagBag from /home/vscode/.local/lib/python3.10/site-packages/airflow/example_dags/example_subdag_operator.py
[2025-11-17T04:13:12.430+0000] {processor.py:836} INFO - DAG(s) dict_keys(['example_subdag_operator.section-1', 'example_subdag_operator.section-2', 'example_subdag_operator']) retrieved from /home/vscode/.local/lib/python3.10/site-packages/airflow/example_dags/example_subdag_operator.py
[2025-11-17T04:13:12.440+0000] {logging_mixin.py:150} INFO - [2025-11-17T04:13:12.440+0000] {dag.py:2742} INFO - Sync 3 DAGs
[2025-11-17T04:13:12.453+0000] {logging_mixin.py:150} INFO - [2025-11-17T04:13:12.453+0000] {dag.py:3504} INFO - Setting next_dagrun for example_subdag_operator to 2022-01-01T00:00:00+00:00, run_after=2022-01-01T00:00:00+00:00
[2025-11-17T04:13:12.455+0000] {logging_mixin.py:150} INFO - [2025-11-17T04:13:12.455+0000] {dag.py:3504} INFO - Setting next_dagrun for example_subdag_operator.section-1 to None, run_after=None
[2025-11-17T04:13:12.455+0000] {logging_mixin.py:150} INFO - [2025-11-17T04:13:12.455+0000] {dag.py:3504} INFO - Setting next_dagrun for example_subdag_operator.section-2 to None, run_after=None
[2025-11-17T04:13:12.459+0000] {logging_mixin.py:150} INFO - [2025-11-17T04:13:12.459+0000] {dag.py:2742} INFO - Sync 2 DAGs
[2025-11-17T04:13:12.461+0000] {logging_mixin.py:150} INFO - [2025-11-17T04:13:12.461+0000] {dag.py:3504} INFO - Setting next_dagrun for example_subdag_operator.section-1 to None, run_after=None
[2025-11-17T04:13:12.462+0000] {logging_mixin.py:150} INFO - [2025-11-17T04:13:12.462+0000] {dag.py:3504} INFO - Setting next_dagrun for example_subdag_operator.section-2 to None, run_after=None
[2025-11-17T04:13:12.472+0000] {processor.py:179} INFO - Processing /home/vscode/.local/lib/python3.10/site-packages/airflow/example_dags/example_subdag_operator.py took 0.058 seconds
[2025-11-17T04:14:06.124+0000] {processor.py:157} INFO - Started process (PID=28505) to work on /home/vscode/.local/lib/python3.10/site-packages/airflow/example_dags/example_subdag_operator.py
[2025-11-17T04:14:06.125+0000] {processor.py:826} INFO - Processing file /home/vscode/.local/lib/python3.10/site-packages/airflow/example_dags/example_subdag_operator.py for tasks to queue
[2025-11-17T04:14:06.125+0000] {logging_mixin.py:150} INFO - [2025-11-17T04:14:06.125+0000] {dagbag.py:541} INFO - Filling up the DagBag from /home/vscode/.local/lib/python3.10/site-packages/airflow/example_dags/example_subdag_operator.py
[2025-11-17T04:14:06.138+0000] {processor.py:836} INFO - DAG(s) dict_keys(['example_subdag_operator.section-1', 'example_subdag_operator.section-2', 'example_subdag_operator']) retrieved from /home/vscode/.local/lib/python3.10/site-packages/airflow/example_dags/example_subdag_operator.py
[2025-11-17T04:14:06.148+0000] {logging_mixin.py:150} INFO - [2025-11-17T04:14:06.148+0000] {dag.py:2742} INFO - Sync 3 DAGs
[2025-11-17T04:14:06.161+0000] {logging_mixin.py:150} INFO - [2025-11-17T04:14:06.161+0000] {dag.py:3504} INFO - Setting next_dagrun for example_subdag_operator to 2022-01-01T00:00:00+00:00, run_after=2022-01-01T00:00:00+00:00
[2025-11-17T04:14:06.163+0000] {logging_mixin.py:150} INFO - [2025-11-17T04:14:06.162+0000] {dag.py:3504} INFO - Setting next_dagrun for example_subdag_operator.section-1 to None, run_after=None
[2025-11-17T04:14:06.163+0000] {logging_mixin.py:150} INFO - [2025-11-17T04:14:06.163+0000] {dag.py:3504} INFO - Setting next_dagrun for example_subdag_operator.section-2 to None, run_after=None
[2025-11-17T04:14:06.167+0000] {logging_mixin.py:150} INFO - [2025-11-17T04:14:06.167+0000] {dag.py:2742} INFO - Sync 2 DAGs
[2025-11-17T04:14:06.170+0000] {logging_mixin.py:150} INFO - [2025-11-17T04:14:06.170+0000] {dag.py:3504} INFO - Setting next_dagrun for example_subdag_operator.section-1 to None, run_after=None
[2025-11-17T04:14:06.170+0000] {logging_mixin.py:150} INFO - [2025-11-17T04:14:06.170+0000] {dag.py:3504} INFO - Setting next_dagrun for example_subdag_operator.section-2 to None, run_after=None
[2025-11-17T04:14:06.179+0000] {processor.py:179} INFO - Processing /home/vscode/.local/lib/python3.10/site-packages/airflow/example_dags/example_subdag_operator.py took 0.057 seconds
[2025-11-17T04:14:51.422+0000] {processor.py:157} INFO - Started process (PID=28863) to work on /home/vscode/.local/lib/python3.10/site-packages/airflow/example_dags/example_subdag_operator.py
[2025-11-17T04:14:51.423+0000] {processor.py:826} INFO - Processing file /home/vscode/.local/lib/python3.10/site-packages/airflow/example_dags/example_subdag_operator.py for tasks to queue
[2025-11-17T04:14:51.424+0000] {logging_mixin.py:150} INFO - [2025-11-17T04:14:51.423+0000] {dagbag.py:541} INFO - Filling up the DagBag from /home/vscode/.local/lib/python3.10/site-packages/airflow/example_dags/example_subdag_operator.py
[2025-11-17T04:14:51.440+0000] {processor.py:836} INFO - DAG(s) dict_keys(['example_subdag_operator.section-1', 'example_subdag_operator.section-2', 'example_subdag_operator']) retrieved from /home/vscode/.local/lib/python3.10/site-packages/airflow/example_dags/example_subdag_operator.py
[2025-11-17T04:14:51.450+0000] {logging_mixin.py:150} INFO - [2025-11-17T04:14:51.450+0000] {dag.py:2742} INFO - Sync 3 DAGs
[2025-11-17T04:14:51.463+0000] {logging_mixin.py:150} INFO - [2025-11-17T04:14:51.463+0000] {dag.py:3504} INFO - Setting next_dagrun for example_subdag_operator to 2022-01-01T00:00:00+00:00, run_after=2022-01-01T00:00:00+00:00
[2025-11-17T04:14:51.465+0000] {logging_mixin.py:150} INFO - [2025-11-17T04:14:51.465+0000] {dag.py:3504} INFO - Setting next_dagrun for example_subdag_operator.section-1 to None, run_after=None
[2025-11-17T04:14:51.466+0000] {logging_mixin.py:150} INFO - [2025-11-17T04:14:51.465+0000] {dag.py:3504} INFO - Setting next_dagrun for example_subdag_operator.section-2 to None, run_after=None
[2025-11-17T04:14:51.470+0000] {logging_mixin.py:150} INFO - [2025-11-17T04:14:51.470+0000] {dag.py:2742} INFO - Sync 2 DAGs
[2025-11-17T04:14:51.473+0000] {logging_mixin.py:150} INFO - [2025-11-17T04:14:51.473+0000] {dag.py:3504} INFO - Setting next_dagrun for example_subdag_operator.section-1 to None, run_after=None
[2025-11-17T04:14:51.473+0000] {logging_mixin.py:150} INFO - [2025-11-17T04:14:51.473+0000] {dag.py:3504} INFO - Setting next_dagrun for example_subdag_operator.section-2 to None, run_after=None
[2025-11-17T04:14:51.483+0000] {processor.py:179} INFO - Processing /home/vscode/.local/lib/python3.10/site-packages/airflow/example_dags/example_subdag_operator.py took 0.063 seconds
[2025-11-17T04:15:38.600+0000] {processor.py:157} INFO - Started process (PID=29311) to work on /home/vscode/.local/lib/python3.10/site-packages/airflow/example_dags/example_subdag_operator.py
[2025-11-17T04:15:38.601+0000] {processor.py:826} INFO - Processing file /home/vscode/.local/lib/python3.10/site-packages/airflow/example_dags/example_subdag_operator.py for tasks to queue
[2025-11-17T04:15:38.601+0000] {logging_mixin.py:150} INFO - [2025-11-17T04:15:38.601+0000] {dagbag.py:541} INFO - Filling up the DagBag from /home/vscode/.local/lib/python3.10/site-packages/airflow/example_dags/example_subdag_operator.py
[2025-11-17T04:15:38.615+0000] {processor.py:836} INFO - DAG(s) dict_keys(['example_subdag_operator.section-1', 'example_subdag_operator.section-2', 'example_subdag_operator']) retrieved from /home/vscode/.local/lib/python3.10/site-packages/airflow/example_dags/example_subdag_operator.py
[2025-11-17T04:15:38.625+0000] {logging_mixin.py:150} INFO - [2025-11-17T04:15:38.625+0000] {dag.py:2742} INFO - Sync 3 DAGs
[2025-11-17T04:15:38.640+0000] {logging_mixin.py:150} INFO - [2025-11-17T04:15:38.639+0000] {dag.py:3504} INFO - Setting next_dagrun for example_subdag_operator to 2022-01-01T00:00:00+00:00, run_after=2022-01-01T00:00:00+00:00
[2025-11-17T04:15:38.644+0000] {logging_mixin.py:150} INFO - [2025-11-17T04:15:38.643+0000] {dag.py:3504} INFO - Setting next_dagrun for example_subdag_operator.section-1 to None, run_after=None
[2025-11-17T04:15:38.644+0000] {logging_mixin.py:150} INFO - [2025-11-17T04:15:38.644+0000] {dag.py:3504} INFO - Setting next_dagrun for example_subdag_operator.section-2 to None, run_after=None
[2025-11-17T04:15:38.651+0000] {logging_mixin.py:150} INFO - [2025-11-17T04:15:38.651+0000] {dag.py:2742} INFO - Sync 2 DAGs
[2025-11-17T04:15:38.655+0000] {logging_mixin.py:150} INFO - [2025-11-17T04:15:38.655+0000] {dag.py:3504} INFO - Setting next_dagrun for example_subdag_operator.section-1 to None, run_after=None
[2025-11-17T04:15:38.655+0000] {logging_mixin.py:150} INFO - [2025-11-17T04:15:38.655+0000] {dag.py:3504} INFO - Setting next_dagrun for example_subdag_operator.section-2 to None, run_after=None
[2025-11-17T04:15:38.670+0000] {processor.py:179} INFO - Processing /home/vscode/.local/lib/python3.10/site-packages/airflow/example_dags/example_subdag_operator.py took 0.072 seconds
[2025-11-17T04:16:25.849+0000] {processor.py:157} INFO - Started process (PID=29629) to work on /home/vscode/.local/lib/python3.10/site-packages/airflow/example_dags/example_subdag_operator.py
[2025-11-17T04:16:25.850+0000] {processor.py:826} INFO - Processing file /home/vscode/.local/lib/python3.10/site-packages/airflow/example_dags/example_subdag_operator.py for tasks to queue
[2025-11-17T04:16:25.850+0000] {logging_mixin.py:150} INFO - [2025-11-17T04:16:25.850+0000] {dagbag.py:541} INFO - Filling up the DagBag from /home/vscode/.local/lib/python3.10/site-packages/airflow/example_dags/example_subdag_operator.py
[2025-11-17T04:16:25.865+0000] {processor.py:836} INFO - DAG(s) dict_keys(['example_subdag_operator.section-1', 'example_subdag_operator.section-2', 'example_subdag_operator']) retrieved from /home/vscode/.local/lib/python3.10/site-packages/airflow/example_dags/example_subdag_operator.py
[2025-11-17T04:16:25.876+0000] {logging_mixin.py:150} INFO - [2025-11-17T04:16:25.876+0000] {dag.py:2742} INFO - Sync 3 DAGs
[2025-11-17T04:16:25.889+0000] {logging_mixin.py:150} INFO - [2025-11-17T04:16:25.889+0000] {dag.py:3504} INFO - Setting next_dagrun for example_subdag_operator to 2022-01-01T00:00:00+00:00, run_after=2022-01-01T00:00:00+00:00
[2025-11-17T04:16:25.891+0000] {logging_mixin.py:150} INFO - [2025-11-17T04:16:25.891+0000] {dag.py:3504} INFO - Setting next_dagrun for example_subdag_operator.section-1 to None, run_after=None
[2025-11-17T04:16:25.892+0000] {logging_mixin.py:150} INFO - [2025-11-17T04:16:25.892+0000] {dag.py:3504} INFO - Setting next_dagrun for example_subdag_operator.section-2 to None, run_after=None
[2025-11-17T04:16:25.896+0000] {logging_mixin.py:150} INFO - [2025-11-17T04:16:25.896+0000] {dag.py:2742} INFO - Sync 2 DAGs
[2025-11-17T04:16:25.898+0000] {logging_mixin.py:150} INFO - [2025-11-17T04:16:25.898+0000] {dag.py:3504} INFO - Setting next_dagrun for example_subdag_operator.section-1 to None, run_after=None
[2025-11-17T04:16:25.899+0000] {logging_mixin.py:150} INFO - [2025-11-17T04:16:25.899+0000] {dag.py:3504} INFO - Setting next_dagrun for example_subdag_operator.section-2 to None, run_after=None
[2025-11-17T04:16:25.909+0000] {processor.py:179} INFO - Processing /home/vscode/.local/lib/python3.10/site-packages/airflow/example_dags/example_subdag_operator.py took 0.062 seconds
[2025-11-17T04:17:20.678+0000] {processor.py:157} INFO - Started process (PID=30068) to work on /home/vscode/.local/lib/python3.10/site-packages/airflow/example_dags/example_subdag_operator.py
[2025-11-17T04:17:20.678+0000] {processor.py:826} INFO - Processing file /home/vscode/.local/lib/python3.10/site-packages/airflow/example_dags/example_subdag_operator.py for tasks to queue
[2025-11-17T04:17:20.679+0000] {logging_mixin.py:150} INFO - [2025-11-17T04:17:20.679+0000] {dagbag.py:541} INFO - Filling up the DagBag from /home/vscode/.local/lib/python3.10/site-packages/airflow/example_dags/example_subdag_operator.py
[2025-11-17T04:17:20.693+0000] {processor.py:836} INFO - DAG(s) dict_keys(['example_subdag_operator.section-1', 'example_subdag_operator.section-2', 'example_subdag_operator']) retrieved from /home/vscode/.local/lib/python3.10/site-packages/airflow/example_dags/example_subdag_operator.py
[2025-11-17T04:17:20.706+0000] {logging_mixin.py:150} INFO - [2025-11-17T04:17:20.706+0000] {dag.py:2742} INFO - Sync 3 DAGs
[2025-11-17T04:17:20.720+0000] {logging_mixin.py:150} INFO - [2025-11-17T04:17:20.720+0000] {dag.py:3504} INFO - Setting next_dagrun for example_subdag_operator to 2022-01-01T00:00:00+00:00, run_after=2022-01-01T00:00:00+00:00
[2025-11-17T04:17:20.722+0000] {logging_mixin.py:150} INFO - [2025-11-17T04:17:20.722+0000] {dag.py:3504} INFO - Setting next_dagrun for example_subdag_operator.section-1 to None, run_after=None
[2025-11-17T04:17:20.723+0000] {logging_mixin.py:150} INFO - [2025-11-17T04:17:20.723+0000] {dag.py:3504} INFO - Setting next_dagrun for example_subdag_operator.section-2 to None, run_after=None
[2025-11-17T04:17:20.727+0000] {logging_mixin.py:150} INFO - [2025-11-17T04:17:20.727+0000] {dag.py:2742} INFO - Sync 2 DAGs
[2025-11-17T04:17:20.730+0000] {logging_mixin.py:150} INFO - [2025-11-17T04:17:20.730+0000] {dag.py:3504} INFO - Setting next_dagrun for example_subdag_operator.section-1 to None, run_after=None
[2025-11-17T04:17:20.730+0000] {logging_mixin.py:150} INFO - [2025-11-17T04:17:20.730+0000] {dag.py:3504} INFO - Setting next_dagrun for example_subdag_operator.section-2 to None, run_after=None
[2025-11-17T04:17:20.740+0000] {processor.py:179} INFO - Processing /home/vscode/.local/lib/python3.10/site-packages/airflow/example_dags/example_subdag_operator.py took 0.065 seconds
[2025-11-17T04:18:02.195+0000] {processor.py:157} INFO - Started process (PID=30366) to work on /home/vscode/.local/lib/python3.10/site-packages/airflow/example_dags/example_subdag_operator.py
[2025-11-17T04:18:02.196+0000] {processor.py:826} INFO - Processing file /home/vscode/.local/lib/python3.10/site-packages/airflow/example_dags/example_subdag_operator.py for tasks to queue
[2025-11-17T04:18:02.196+0000] {logging_mixin.py:150} INFO - [2025-11-17T04:18:02.196+0000] {dagbag.py:541} INFO - Filling up the DagBag from /home/vscode/.local/lib/python3.10/site-packages/airflow/example_dags/example_subdag_operator.py
[2025-11-17T04:18:02.221+0000] {processor.py:836} INFO - DAG(s) dict_keys(['example_subdag_operator.section-1', 'example_subdag_operator.section-2', 'example_subdag_operator']) retrieved from /home/vscode/.local/lib/python3.10/site-packages/airflow/example_dags/example_subdag_operator.py
[2025-11-17T04:18:02.231+0000] {logging_mixin.py:150} INFO - [2025-11-17T04:18:02.231+0000] {dag.py:2742} INFO - Sync 3 DAGs
[2025-11-17T04:18:02.247+0000] {logging_mixin.py:150} INFO - [2025-11-17T04:18:02.247+0000] {dag.py:3504} INFO - Setting next_dagrun for example_subdag_operator to 2022-01-01T00:00:00+00:00, run_after=2022-01-01T00:00:00+00:00
[2025-11-17T04:18:02.249+0000] {logging_mixin.py:150} INFO - [2025-11-17T04:18:02.249+0000] {dag.py:3504} INFO - Setting next_dagrun for example_subdag_operator.section-1 to None, run_after=None
[2025-11-17T04:18:02.250+0000] {logging_mixin.py:150} INFO - [2025-11-17T04:18:02.250+0000] {dag.py:3504} INFO - Setting next_dagrun for example_subdag_operator.section-2 to None, run_after=None
[2025-11-17T04:18:02.254+0000] {logging_mixin.py:150} INFO - [2025-11-17T04:18:02.254+0000] {dag.py:2742} INFO - Sync 2 DAGs
[2025-11-17T04:18:02.257+0000] {logging_mixin.py:150} INFO - [2025-11-17T04:18:02.257+0000] {dag.py:3504} INFO - Setting next_dagrun for example_subdag_operator.section-1 to None, run_after=None
[2025-11-17T04:18:02.257+0000] {logging_mixin.py:150} INFO - [2025-11-17T04:18:02.257+0000] {dag.py:3504} INFO - Setting next_dagrun for example_subdag_operator.section-2 to None, run_after=None
[2025-11-17T04:18:02.266+0000] {processor.py:179} INFO - Processing /home/vscode/.local/lib/python3.10/site-packages/airflow/example_dags/example_subdag_operator.py took 0.073 seconds
[2025-11-17T04:18:50.465+0000] {processor.py:157} INFO - Started process (PID=30780) to work on /home/vscode/.local/lib/python3.10/site-packages/airflow/example_dags/example_subdag_operator.py
[2025-11-17T04:18:50.466+0000] {processor.py:826} INFO - Processing file /home/vscode/.local/lib/python3.10/site-packages/airflow/example_dags/example_subdag_operator.py for tasks to queue
[2025-11-17T04:18:50.466+0000] {logging_mixin.py:150} INFO - [2025-11-17T04:18:50.466+0000] {dagbag.py:541} INFO - Filling up the DagBag from /home/vscode/.local/lib/python3.10/site-packages/airflow/example_dags/example_subdag_operator.py
[2025-11-17T04:18:50.480+0000] {processor.py:836} INFO - DAG(s) dict_keys(['example_subdag_operator.section-1', 'example_subdag_operator.section-2', 'example_subdag_operator']) retrieved from /home/vscode/.local/lib/python3.10/site-packages/airflow/example_dags/example_subdag_operator.py
[2025-11-17T04:18:50.490+0000] {logging_mixin.py:150} INFO - [2025-11-17T04:18:50.490+0000] {dag.py:2742} INFO - Sync 3 DAGs
[2025-11-17T04:18:50.505+0000] {logging_mixin.py:150} INFO - [2025-11-17T04:18:50.505+0000] {dag.py:3504} INFO - Setting next_dagrun for example_subdag_operator to 2022-01-01T00:00:00+00:00, run_after=2022-01-01T00:00:00+00:00
[2025-11-17T04:18:50.507+0000] {logging_mixin.py:150} INFO - [2025-11-17T04:18:50.507+0000] {dag.py:3504} INFO - Setting next_dagrun for example_subdag_operator.section-1 to None, run_after=None
[2025-11-17T04:18:50.507+0000] {logging_mixin.py:150} INFO - [2025-11-17T04:18:50.507+0000] {dag.py:3504} INFO - Setting next_dagrun for example_subdag_operator.section-2 to None, run_after=None
[2025-11-17T04:18:50.511+0000] {logging_mixin.py:150} INFO - [2025-11-17T04:18:50.511+0000] {dag.py:2742} INFO - Sync 2 DAGs
[2025-11-17T04:18:50.514+0000] {logging_mixin.py:150} INFO - [2025-11-17T04:18:50.514+0000] {dag.py:3504} INFO - Setting next_dagrun for example_subdag_operator.section-1 to None, run_after=None
[2025-11-17T04:18:50.514+0000] {logging_mixin.py:150} INFO - [2025-11-17T04:18:50.514+0000] {dag.py:3504} INFO - Setting next_dagrun for example_subdag_operator.section-2 to None, run_after=None
[2025-11-17T04:18:50.524+0000] {processor.py:179} INFO - Processing /home/vscode/.local/lib/python3.10/site-packages/airflow/example_dags/example_subdag_operator.py took 0.061 seconds
[2025-11-17T04:19:34.826+0000] {processor.py:157} INFO - Started process (PID=31099) to work on /home/vscode/.local/lib/python3.10/site-packages/airflow/example_dags/example_subdag_operator.py
[2025-11-17T04:19:34.827+0000] {processor.py:826} INFO - Processing file /home/vscode/.local/lib/python3.10/site-packages/airflow/example_dags/example_subdag_operator.py for tasks to queue
[2025-11-17T04:19:34.827+0000] {logging_mixin.py:150} INFO - [2025-11-17T04:19:34.827+0000] {dagbag.py:541} INFO - Filling up the DagBag from /home/vscode/.local/lib/python3.10/site-packages/airflow/example_dags/example_subdag_operator.py
[2025-11-17T04:19:34.843+0000] {processor.py:836} INFO - DAG(s) dict_keys(['example_subdag_operator.section-1', 'example_subdag_operator.section-2', 'example_subdag_operator']) retrieved from /home/vscode/.local/lib/python3.10/site-packages/airflow/example_dags/example_subdag_operator.py
[2025-11-17T04:19:34.857+0000] {logging_mixin.py:150} INFO - [2025-11-17T04:19:34.857+0000] {dag.py:2742} INFO - Sync 3 DAGs
[2025-11-17T04:19:34.870+0000] {logging_mixin.py:150} INFO - [2025-11-17T04:19:34.870+0000] {dag.py:3504} INFO - Setting next_dagrun for example_subdag_operator to 2022-01-01T00:00:00+00:00, run_after=2022-01-01T00:00:00+00:00
[2025-11-17T04:19:34.872+0000] {logging_mixin.py:150} INFO - [2025-11-17T04:19:34.872+0000] {dag.py:3504} INFO - Setting next_dagrun for example_subdag_operator.section-1 to None, run_after=None
[2025-11-17T04:19:34.872+0000] {logging_mixin.py:150} INFO - [2025-11-17T04:19:34.872+0000] {dag.py:3504} INFO - Setting next_dagrun for example_subdag_operator.section-2 to None, run_after=None
[2025-11-17T04:19:34.877+0000] {logging_mixin.py:150} INFO - [2025-11-17T04:19:34.877+0000] {dag.py:2742} INFO - Sync 2 DAGs
[2025-11-17T04:19:34.880+0000] {logging_mixin.py:150} INFO - [2025-11-17T04:19:34.880+0000] {dag.py:3504} INFO - Setting next_dagrun for example_subdag_operator.section-1 to None, run_after=None
[2025-11-17T04:19:34.880+0000] {logging_mixin.py:150} INFO - [2025-11-17T04:19:34.880+0000] {dag.py:3504} INFO - Setting next_dagrun for example_subdag_operator.section-2 to None, run_after=None
[2025-11-17T04:19:34.890+0000] {processor.py:179} INFO - Processing /home/vscode/.local/lib/python3.10/site-packages/airflow/example_dags/example_subdag_operator.py took 0.066 seconds
[2025-11-17T04:20:20.182+0000] {processor.py:157} INFO - Started process (PID=31523) to work on /home/vscode/.local/lib/python3.10/site-packages/airflow/example_dags/example_subdag_operator.py
[2025-11-17T04:20:20.183+0000] {processor.py:826} INFO - Processing file /home/vscode/.local/lib/python3.10/site-packages/airflow/example_dags/example_subdag_operator.py for tasks to queue
[2025-11-17T04:20:20.183+0000] {logging_mixin.py:150} INFO - [2025-11-17T04:20:20.183+0000] {dagbag.py:541} INFO - Filling up the DagBag from /home/vscode/.local/lib/python3.10/site-packages/airflow/example_dags/example_subdag_operator.py
[2025-11-17T04:20:20.196+0000] {processor.py:836} INFO - DAG(s) dict_keys(['example_subdag_operator.section-1', 'example_subdag_operator.section-2', 'example_subdag_operator']) retrieved from /home/vscode/.local/lib/python3.10/site-packages/airflow/example_dags/example_subdag_operator.py
[2025-11-17T04:20:20.206+0000] {logging_mixin.py:150} INFO - [2025-11-17T04:20:20.206+0000] {dag.py:2742} INFO - Sync 3 DAGs
[2025-11-17T04:20:20.219+0000] {logging_mixin.py:150} INFO - [2025-11-17T04:20:20.218+0000] {dag.py:3504} INFO - Setting next_dagrun for example_subdag_operator to 2022-01-01T00:00:00+00:00, run_after=2022-01-01T00:00:00+00:00
[2025-11-17T04:20:20.222+0000] {logging_mixin.py:150} INFO - [2025-11-17T04:20:20.222+0000] {dag.py:3504} INFO - Setting next_dagrun for example_subdag_operator.section-1 to None, run_after=None
[2025-11-17T04:20:20.223+0000] {logging_mixin.py:150} INFO - [2025-11-17T04:20:20.223+0000] {dag.py:3504} INFO - Setting next_dagrun for example_subdag_operator.section-2 to None, run_after=None
[2025-11-17T04:20:20.228+0000] {logging_mixin.py:150} INFO - [2025-11-17T04:20:20.228+0000] {dag.py:2742} INFO - Sync 2 DAGs
[2025-11-17T04:20:20.232+0000] {logging_mixin.py:150} INFO - [2025-11-17T04:20:20.232+0000] {dag.py:3504} INFO - Setting next_dagrun for example_subdag_operator.section-1 to None, run_after=None
[2025-11-17T04:20:20.233+0000] {logging_mixin.py:150} INFO - [2025-11-17T04:20:20.233+0000] {dag.py:3504} INFO - Setting next_dagrun for example_subdag_operator.section-2 to None, run_after=None
[2025-11-17T04:20:20.245+0000] {processor.py:179} INFO - Processing /home/vscode/.local/lib/python3.10/site-packages/airflow/example_dags/example_subdag_operator.py took 0.064 seconds
[2025-11-17T04:21:10.444+0000] {processor.py:157} INFO - Started process (PID=31906) to work on /home/vscode/.local/lib/python3.10/site-packages/airflow/example_dags/example_subdag_operator.py
[2025-11-17T04:21:10.445+0000] {processor.py:826} INFO - Processing file /home/vscode/.local/lib/python3.10/site-packages/airflow/example_dags/example_subdag_operator.py for tasks to queue
[2025-11-17T04:21:10.446+0000] {logging_mixin.py:150} INFO - [2025-11-17T04:21:10.445+0000] {dagbag.py:541} INFO - Filling up the DagBag from /home/vscode/.local/lib/python3.10/site-packages/airflow/example_dags/example_subdag_operator.py
[2025-11-17T04:21:10.460+0000] {processor.py:836} INFO - DAG(s) dict_keys(['example_subdag_operator.section-1', 'example_subdag_operator.section-2', 'example_subdag_operator']) retrieved from /home/vscode/.local/lib/python3.10/site-packages/airflow/example_dags/example_subdag_operator.py
[2025-11-17T04:21:10.470+0000] {logging_mixin.py:150} INFO - [2025-11-17T04:21:10.470+0000] {dag.py:2742} INFO - Sync 3 DAGs
[2025-11-17T04:21:10.484+0000] {logging_mixin.py:150} INFO - [2025-11-17T04:21:10.484+0000] {dag.py:3504} INFO - Setting next_dagrun for example_subdag_operator to 2022-01-01T00:00:00+00:00, run_after=2022-01-01T00:00:00+00:00
[2025-11-17T04:21:10.486+0000] {logging_mixin.py:150} INFO - [2025-11-17T04:21:10.486+0000] {dag.py:3504} INFO - Setting next_dagrun for example_subdag_operator.section-1 to None, run_after=None
[2025-11-17T04:21:10.486+0000] {logging_mixin.py:150} INFO - [2025-11-17T04:21:10.486+0000] {dag.py:3504} INFO - Setting next_dagrun for example_subdag_operator.section-2 to None, run_after=None
[2025-11-17T04:21:10.490+0000] {logging_mixin.py:150} INFO - [2025-11-17T04:21:10.490+0000] {dag.py:2742} INFO - Sync 2 DAGs
[2025-11-17T04:21:10.493+0000] {logging_mixin.py:150} INFO - [2025-11-17T04:21:10.493+0000] {dag.py:3504} INFO - Setting next_dagrun for example_subdag_operator.section-1 to None, run_after=None
[2025-11-17T04:21:10.493+0000] {logging_mixin.py:150} INFO - [2025-11-17T04:21:10.493+0000] {dag.py:3504} INFO - Setting next_dagrun for example_subdag_operator.section-2 to None, run_after=None
[2025-11-17T04:21:10.503+0000] {processor.py:179} INFO - Processing /home/vscode/.local/lib/python3.10/site-packages/airflow/example_dags/example_subdag_operator.py took 0.060 seconds
[2025-11-17T04:22:00.088+0000] {processor.py:157} INFO - Started process (PID=32234) to work on /home/vscode/.local/lib/python3.10/site-packages/airflow/example_dags/example_subdag_operator.py
[2025-11-17T04:22:00.089+0000] {processor.py:826} INFO - Processing file /home/vscode/.local/lib/python3.10/site-packages/airflow/example_dags/example_subdag_operator.py for tasks to queue
[2025-11-17T04:22:00.089+0000] {logging_mixin.py:150} INFO - [2025-11-17T04:22:00.089+0000] {dagbag.py:541} INFO - Filling up the DagBag from /home/vscode/.local/lib/python3.10/site-packages/airflow/example_dags/example_subdag_operator.py
[2025-11-17T04:22:00.104+0000] {processor.py:836} INFO - DAG(s) dict_keys(['example_subdag_operator.section-1', 'example_subdag_operator.section-2', 'example_subdag_operator']) retrieved from /home/vscode/.local/lib/python3.10/site-packages/airflow/example_dags/example_subdag_operator.py
[2025-11-17T04:22:00.115+0000] {logging_mixin.py:150} INFO - [2025-11-17T04:22:00.115+0000] {dag.py:2742} INFO - Sync 3 DAGs
[2025-11-17T04:22:00.129+0000] {logging_mixin.py:150} INFO - [2025-11-17T04:22:00.129+0000] {dag.py:3504} INFO - Setting next_dagrun for example_subdag_operator to 2022-01-01T00:00:00+00:00, run_after=2022-01-01T00:00:00+00:00
[2025-11-17T04:22:00.131+0000] {logging_mixin.py:150} INFO - [2025-11-17T04:22:00.131+0000] {dag.py:3504} INFO - Setting next_dagrun for example_subdag_operator.section-1 to None, run_after=None
[2025-11-17T04:22:00.132+0000] {logging_mixin.py:150} INFO - [2025-11-17T04:22:00.131+0000] {dag.py:3504} INFO - Setting next_dagrun for example_subdag_operator.section-2 to None, run_after=None
[2025-11-17T04:22:00.136+0000] {logging_mixin.py:150} INFO - [2025-11-17T04:22:00.136+0000] {dag.py:2742} INFO - Sync 2 DAGs
[2025-11-17T04:22:00.139+0000] {logging_mixin.py:150} INFO - [2025-11-17T04:22:00.139+0000] {dag.py:3504} INFO - Setting next_dagrun for example_subdag_operator.section-1 to None, run_after=None
[2025-11-17T04:22:00.139+0000] {logging_mixin.py:150} INFO - [2025-11-17T04:22:00.139+0000] {dag.py:3504} INFO - Setting next_dagrun for example_subdag_operator.section-2 to None, run_after=None
[2025-11-17T04:22:00.149+0000] {processor.py:179} INFO - Processing /home/vscode/.local/lib/python3.10/site-packages/airflow/example_dags/example_subdag_operator.py took 0.063 seconds
[2025-11-17T04:22:46.870+0000] {processor.py:157} INFO - Started process (PID=32614) to work on /home/vscode/.local/lib/python3.10/site-packages/airflow/example_dags/example_subdag_operator.py
[2025-11-17T04:22:46.871+0000] {processor.py:826} INFO - Processing file /home/vscode/.local/lib/python3.10/site-packages/airflow/example_dags/example_subdag_operator.py for tasks to queue
[2025-11-17T04:22:46.871+0000] {logging_mixin.py:150} INFO - [2025-11-17T04:22:46.871+0000] {dagbag.py:541} INFO - Filling up the DagBag from /home/vscode/.local/lib/python3.10/site-packages/airflow/example_dags/example_subdag_operator.py
[2025-11-17T04:22:46.887+0000] {processor.py:836} INFO - DAG(s) dict_keys(['example_subdag_operator.section-1', 'example_subdag_operator.section-2', 'example_subdag_operator']) retrieved from /home/vscode/.local/lib/python3.10/site-packages/airflow/example_dags/example_subdag_operator.py
[2025-11-17T04:22:46.897+0000] {logging_mixin.py:150} INFO - [2025-11-17T04:22:46.897+0000] {dag.py:2742} INFO - Sync 3 DAGs
[2025-11-17T04:22:46.911+0000] {logging_mixin.py:150} INFO - [2025-11-17T04:22:46.911+0000] {dag.py:3504} INFO - Setting next_dagrun for example_subdag_operator to 2022-01-01T00:00:00+00:00, run_after=2022-01-01T00:00:00+00:00
[2025-11-17T04:22:46.914+0000] {logging_mixin.py:150} INFO - [2025-11-17T04:22:46.914+0000] {dag.py:3504} INFO - Setting next_dagrun for example_subdag_operator.section-1 to None, run_after=None
[2025-11-17T04:22:46.914+0000] {logging_mixin.py:150} INFO - [2025-11-17T04:22:46.914+0000] {dag.py:3504} INFO - Setting next_dagrun for example_subdag_operator.section-2 to None, run_after=None
[2025-11-17T04:22:46.919+0000] {logging_mixin.py:150} INFO - [2025-11-17T04:22:46.918+0000] {dag.py:2742} INFO - Sync 2 DAGs
[2025-11-17T04:22:46.921+0000] {logging_mixin.py:150} INFO - [2025-11-17T04:22:46.921+0000] {dag.py:3504} INFO - Setting next_dagrun for example_subdag_operator.section-1 to None, run_after=None
[2025-11-17T04:22:46.922+0000] {logging_mixin.py:150} INFO - [2025-11-17T04:22:46.921+0000] {dag.py:3504} INFO - Setting next_dagrun for example_subdag_operator.section-2 to None, run_after=None
[2025-11-17T04:22:46.931+0000] {processor.py:179} INFO - Processing /home/vscode/.local/lib/python3.10/site-packages/airflow/example_dags/example_subdag_operator.py took 0.063 seconds
[2025-11-17T04:23:34.350+0000] {processor.py:157} INFO - Started process (PID=32985) to work on /home/vscode/.local/lib/python3.10/site-packages/airflow/example_dags/example_subdag_operator.py
[2025-11-17T04:23:34.351+0000] {processor.py:826} INFO - Processing file /home/vscode/.local/lib/python3.10/site-packages/airflow/example_dags/example_subdag_operator.py for tasks to queue
[2025-11-17T04:23:34.351+0000] {logging_mixin.py:150} INFO - [2025-11-17T04:23:34.351+0000] {dagbag.py:541} INFO - Filling up the DagBag from /home/vscode/.local/lib/python3.10/site-packages/airflow/example_dags/example_subdag_operator.py
[2025-11-17T04:23:34.366+0000] {processor.py:836} INFO - DAG(s) dict_keys(['example_subdag_operator.section-1', 'example_subdag_operator.section-2', 'example_subdag_operator']) retrieved from /home/vscode/.local/lib/python3.10/site-packages/airflow/example_dags/example_subdag_operator.py
[2025-11-17T04:23:34.377+0000] {logging_mixin.py:150} INFO - [2025-11-17T04:23:34.376+0000] {dag.py:2742} INFO - Sync 3 DAGs
[2025-11-17T04:23:34.390+0000] {logging_mixin.py:150} INFO - [2025-11-17T04:23:34.390+0000] {dag.py:3504} INFO - Setting next_dagrun for example_subdag_operator to 2022-01-01T00:00:00+00:00, run_after=2022-01-01T00:00:00+00:00
[2025-11-17T04:23:34.392+0000] {logging_mixin.py:150} INFO - [2025-11-17T04:23:34.392+0000] {dag.py:3504} INFO - Setting next_dagrun for example_subdag_operator.section-1 to None, run_after=None
[2025-11-17T04:23:34.393+0000] {logging_mixin.py:150} INFO - [2025-11-17T04:23:34.393+0000] {dag.py:3504} INFO - Setting next_dagrun for example_subdag_operator.section-2 to None, run_after=None
[2025-11-17T04:23:34.397+0000] {logging_mixin.py:150} INFO - [2025-11-17T04:23:34.397+0000] {dag.py:2742} INFO - Sync 2 DAGs
[2025-11-17T04:23:34.401+0000] {logging_mixin.py:150} INFO - [2025-11-17T04:23:34.401+0000] {dag.py:3504} INFO - Setting next_dagrun for example_subdag_operator.section-1 to None, run_after=None
[2025-11-17T04:23:34.401+0000] {logging_mixin.py:150} INFO - [2025-11-17T04:23:34.401+0000] {dag.py:3504} INFO - Setting next_dagrun for example_subdag_operator.section-2 to None, run_after=None
[2025-11-17T04:23:34.411+0000] {processor.py:179} INFO - Processing /home/vscode/.local/lib/python3.10/site-packages/airflow/example_dags/example_subdag_operator.py took 0.064 seconds
[2025-11-17T04:24:22.951+0000] {processor.py:157} INFO - Started process (PID=33380) to work on /home/vscode/.local/lib/python3.10/site-packages/airflow/example_dags/example_subdag_operator.py
[2025-11-17T04:24:22.952+0000] {processor.py:826} INFO - Processing file /home/vscode/.local/lib/python3.10/site-packages/airflow/example_dags/example_subdag_operator.py for tasks to queue
[2025-11-17T04:24:22.952+0000] {logging_mixin.py:150} INFO - [2025-11-17T04:24:22.952+0000] {dagbag.py:541} INFO - Filling up the DagBag from /home/vscode/.local/lib/python3.10/site-packages/airflow/example_dags/example_subdag_operator.py
[2025-11-17T04:24:22.966+0000] {processor.py:836} INFO - DAG(s) dict_keys(['example_subdag_operator.section-1', 'example_subdag_operator.section-2', 'example_subdag_operator']) retrieved from /home/vscode/.local/lib/python3.10/site-packages/airflow/example_dags/example_subdag_operator.py
[2025-11-17T04:24:22.976+0000] {logging_mixin.py:150} INFO - [2025-11-17T04:24:22.976+0000] {dag.py:2742} INFO - Sync 3 DAGs
[2025-11-17T04:24:22.989+0000] {logging_mixin.py:150} INFO - [2025-11-17T04:24:22.989+0000] {dag.py:3504} INFO - Setting next_dagrun for example_subdag_operator to 2022-01-01T00:00:00+00:00, run_after=2022-01-01T00:00:00+00:00
[2025-11-17T04:24:22.991+0000] {logging_mixin.py:150} INFO - [2025-11-17T04:24:22.990+0000] {dag.py:3504} INFO - Setting next_dagrun for example_subdag_operator.section-1 to None, run_after=None
[2025-11-17T04:24:22.991+0000] {logging_mixin.py:150} INFO - [2025-11-17T04:24:22.991+0000] {dag.py:3504} INFO - Setting next_dagrun for example_subdag_operator.section-2 to None, run_after=None
[2025-11-17T04:24:22.995+0000] {logging_mixin.py:150} INFO - [2025-11-17T04:24:22.995+0000] {dag.py:2742} INFO - Sync 2 DAGs
[2025-11-17T04:24:22.998+0000] {logging_mixin.py:150} INFO - [2025-11-17T04:24:22.998+0000] {dag.py:3504} INFO - Setting next_dagrun for example_subdag_operator.section-1 to None, run_after=None
[2025-11-17T04:24:22.998+0000] {logging_mixin.py:150} INFO - [2025-11-17T04:24:22.998+0000] {dag.py:3504} INFO - Setting next_dagrun for example_subdag_operator.section-2 to None, run_after=None
[2025-11-17T04:24:23.008+0000] {processor.py:179} INFO - Processing /home/vscode/.local/lib/python3.10/site-packages/airflow/example_dags/example_subdag_operator.py took 0.058 seconds
[2025-11-17T04:25:09.352+0000] {processor.py:157} INFO - Started process (PID=33808) to work on /home/vscode/.local/lib/python3.10/site-packages/airflow/example_dags/example_subdag_operator.py
[2025-11-17T04:25:09.353+0000] {processor.py:826} INFO - Processing file /home/vscode/.local/lib/python3.10/site-packages/airflow/example_dags/example_subdag_operator.py for tasks to queue
[2025-11-17T04:25:09.353+0000] {logging_mixin.py:150} INFO - [2025-11-17T04:25:09.353+0000] {dagbag.py:541} INFO - Filling up the DagBag from /home/vscode/.local/lib/python3.10/site-packages/airflow/example_dags/example_subdag_operator.py
[2025-11-17T04:25:09.384+0000] {processor.py:836} INFO - DAG(s) dict_keys(['example_subdag_operator.section-1', 'example_subdag_operator.section-2', 'example_subdag_operator']) retrieved from /home/vscode/.local/lib/python3.10/site-packages/airflow/example_dags/example_subdag_operator.py
[2025-11-17T04:25:09.408+0000] {logging_mixin.py:150} INFO - [2025-11-17T04:25:09.408+0000] {dag.py:2742} INFO - Sync 3 DAGs
[2025-11-17T04:25:09.436+0000] {logging_mixin.py:150} INFO - [2025-11-17T04:25:09.435+0000] {dag.py:3504} INFO - Setting next_dagrun for example_subdag_operator to 2022-01-01T00:00:00+00:00, run_after=2022-01-01T00:00:00+00:00
[2025-11-17T04:25:09.447+0000] {logging_mixin.py:150} INFO - [2025-11-17T04:25:09.447+0000] {dag.py:3504} INFO - Setting next_dagrun for example_subdag_operator.section-1 to None, run_after=None
[2025-11-17T04:25:09.450+0000] {logging_mixin.py:150} INFO - [2025-11-17T04:25:09.450+0000] {dag.py:3504} INFO - Setting next_dagrun for example_subdag_operator.section-2 to None, run_after=None
[2025-11-17T04:25:09.483+0000] {logging_mixin.py:150} INFO - [2025-11-17T04:25:09.483+0000] {dag.py:2742} INFO - Sync 2 DAGs
[2025-11-17T04:25:09.488+0000] {logging_mixin.py:150} INFO - [2025-11-17T04:25:09.488+0000] {dag.py:3504} INFO - Setting next_dagrun for example_subdag_operator.section-1 to None, run_after=None
[2025-11-17T04:25:09.489+0000] {logging_mixin.py:150} INFO - [2025-11-17T04:25:09.488+0000] {dag.py:3504} INFO - Setting next_dagrun for example_subdag_operator.section-2 to None, run_after=None
[2025-11-17T04:25:09.501+0000] {processor.py:179} INFO - Processing /home/vscode/.local/lib/python3.10/site-packages/airflow/example_dags/example_subdag_operator.py took 0.153 seconds
